,FundCode,type
0,6035,债券型
1,6036,债券型
2,6652,混合型
3,6685,混合型
5,673101,股票指数
6,5362,债券型
7,5363,债券型
8,5933,混合型
9,5934,混合型
10,6072,混合型
11,6080,股票型
12,6081,股票型
14,6453,债券型
15,6454,债券型
16,6583,债券型
17,6584,债券型
18,5833,混合型
19,5834,混合型
20,6030,债券型
21,6031,债券型
22,6034,股票指数
23,6140,债券型
24,6141,债券型
25,6154,混合型
29,6377,混合型
30,6419,混合型
31,6420,混合型
32,6618,债券型
33,6619,债券型
34,6638,债券型
35,6639,债券型
36,6668,债券型
37,6669,债券型
38,6683,债券型
39,6727,债券指数
40,6728,债券指数
42,6767,债券型
43,6572,债券型
44,6772,债券型
45,6408,混合型
46,6578,股票指数
47,6579,股票指数
48,6758,债券型
49,6424,混合型
50,6425,混合型
51,4981,债券型
52,5298,债券型
53,5725,债券型
54,6551,混合型
55,6553,债券型
56,6653,债券型
57,6677,债券型
58,6678,债券型
59,6695,债券型
60,6702,债券型
61,6703,债券型
62,6725,债券型
63,6590,混合型
64,6587,混合型
65,6761,债券型
66,5200,债券型
67,5201,债券型
68,6151,债券型
72,6348,混合型
73,6568,混合型
74,6635,债券型
75,6646,债券型
76,6647,债券型
77,6762,债券型
78,6059,债券型
79,6060,债券型
80,6513,债券型
81,6514,债券型
82,6606,债券型
83,6607,债券型
84,6586,混合型
85,4661,债券型
86,6633,债券指数
87,6634,债券指数
88,6733,股票型
89,5848,混合型
90,6120,债券型
91,6366,混合型
92,6387,债券型
93,6388,债券型
94,6416,债券型
95,6417,债券型
96,6496,债券型
97,6497,债券型
98,6545,债券型
99,6546,债券型
100,6563,债券型
101,6585,债券型
102,6611,股票指数
103,6681,债券型
104,6084,混合型
106,6457,混合型
107,6458,混合型
108,6473,债券型
109,6474,债券型
110,6493,债券型
111,6494,债券型
112,6567,混合型
113,6645,债券型
114,6662,债券型
115,6663,债券型
116,6684,债券型
117,6707,债券型
118,6708,债券型
120,6731,债券型
121,6732,债券型
122,501065,混合型
123,6302,混合型
124,6597,债券型
125,6598,债券型
126,501067,股票指数
127,501068,股票指数
128,6472,债券型
129,6629,债券型
130,6630,债券型
131,5965,股票指数
132,5966,股票指数
133,5983,股票型
134,6255,股票型
135,6256,股票型
136,6274,混合型
137,6411,债券型
138,6421,债券型
139,6502,股票型
140,6503,股票型
141,6591,债券型
142,6592,债券型
143,6599,债券型
144,6660,债券型
145,6661,债券型
146,4728,债券型
147,4729,债券型
148,6311,债券型
149,6312,债券型
150,6524,股票指数
151,6525,股票指数
153,5690,债券型
154,6625,债券型
155,6478,股票型
156,6538,混合型
157,6539,混合型
158,1678,股票型
159,6128,混合型
160,6165,股票指数
161,6166,股票指数
162,6267,混合型
163,6268,混合型
164,6325,债券型
165,6341,股票指数
166,6342,股票指数
167,6422,债券型
168,6423,债券型
170,6515,债券型
171,6516,债券型
172,6542,债券型
173,6543,债券型
174,6550,债券型
175,6558,债券型
176,6559,债券型
177,6674,债券型
178,6517,债券型
179,6518,债券型
180,6086,债券型
182,6405,债券型
183,6406,债券型
184,6541,混合型
185,6116,债券型
186,6181,混合型
187,6182,混合型
188,6385,混合型
189,6386,混合型
191,6164,债券型
192,6299,混合型
193,4350,股票型
194,4840,混合型
195,5840,混合型
196,5937,混合型
197,5938,混合型
198,5939,混合型
199,5940,混合型
200,6193,股票型
201,6194,股票型
204,6319,债券型
205,6320,债券型
208,6484,债券指数
209,6485,债券指数
210,6596,债券型
211,5717,债券型
212,6277,混合型
213,6278,混合型
214,6279,混合型
215,6280,混合型
216,6459,债券型
217,6460,债券型
218,6540,混合型
219,6464,债券型
220,6465,债券型
221,6491,债券指数
222,6492,债券指数
223,6570,债券型
224,6571,债券型
225,5876,混合型
226,5877,混合型
227,5888,混合型
228,5889,混合型
229,6019,债券型
230,6169,债券型
231,6170,债券型
232,6511,混合型
233,6512,混合型
234,6519,债券型
235,6520,债券型
236,6576,债券型
237,6577,债券型
238,6252,混合型
239,6253,混合型
242,6547,混合型
243,6548,混合型
244,501309,股票指数
245,5709,债券型
246,5770,股票指数
247,5842,债券型
248,5899,混合型
249,5911,混合型
250,6026,债券型
251,6219,债券型
252,6332,债券型
253,6333,债券型
254,6450,债券型
255,6482,债券型
256,6483,债券型
257,6486,股票指数
258,6487,股票指数
259,6554,债券型
260,501066,混合型
261,6195,股票型
264,6369,混合型
265,6488,债券型
266,6184,债券型
267,6185,债券型
268,6552,债券型
269,5667,债券型
270,5931,债券型
271,5932,债券型
272,6427,债券型
273,6428,债券型
274,6569,股票指数
275,161132,混合型
278,6082,债券型
280,6362,混合型
281,6436,债券型
282,6437,债券型
285,6562,债券型
286,501310,股票指数
291,6191,债券型
292,6192,债券型
293,5660,股票型
294,5661,股票型
295,6504,债券型
296,5637,债券型
297,5736,债券型
298,5971,债券型
299,6027,债券型
300,6343,股票指数
301,6344,股票指数
302,6531,混合型
303,6532,混合型
304,5729,混合型
305,6443,债券型
306,6444,债券型
307,6505,债券型
308,6506,债券型
309,5862,债券型
310,6475,债券型
315,1884,混合型
316,6462,混合型
317,6463,混合型
319,5603,混合型
320,5604,混合型
321,5655,债券型
322,5826,股票型
323,6223,混合型
324,6225,混合型
325,6226,混合型
326,6243,混合型
327,6409,债券型
328,6410,债券型
329,5271,债券型
330,5272,债券型
331,5752,债券型
332,5853,债券型
333,6237,债券型
334,6367,债券型
335,6368,债券型
336,671030,股票型
337,6470,债券型
338,5791,债券型
339,5943,混合型
340,5944,混合型
341,6136,混合型
344,6412,债券型
345,6471,债券型
346,4809,混合型
347,5935,混合型
348,6025,混合型
349,6099,债券型
350,6138,股票型
351,5897,债券型
352,6216,混合型
353,6217,混合型
354,6224,债券指数
355,6240,混合型
356,6241,混合型
358,6382,股票型
359,6389,债券型
360,6390,债券型
361,6395,股票型
362,6323,混合型
363,6324,混合型
364,6149,债券型
365,6157,混合型
366,6070,债券型
367,6134,债券型
368,6183,债券型
369,6206,债券型
370,6230,混合型
371,6265,股票型
372,6287,债券型
373,6288,债券型
374,6304,债券型
375,6433,混合型
376,4823,混合型
377,4824,混合型
378,6092,债券型
379,6093,债券型
380,6180,债券型
382,6403,债券型
383,6407,债券型
385,6201,混合型
386,6231,混合型
387,6232,混合型
388,6393,债券型
390,6247,股票型
391,6058,混合型
392,6396,混合型
393,6397,混合型
394,5656,债券型
395,5657,债券型
396,5892,债券型
397,5893,债券型
400,5996,债券型
401,6203,债券型
402,6204,债券型
403,6264,债券型
404,6337,债券型
405,6338,债券型
406,501062,混合型
407,5775,混合型
408,5776,混合型
409,5827,混合型
410,5865,混合型
411,5866,混合型
415,5728,混合型
416,6209,混合型
418,162718,混合型
419,5743,混合型
420,5744,混合型
421,6346,股票型
422,6347,股票型
423,6360,债券型
424,6361,债券型
425,5771,债券型
426,6174,债券型
427,6177,债券型
428,6178,债券型
429,6236,混合型
430,6037,债券型
431,6073,债券型
432,6074,债券型
433,6186,债券型
434,6187,债券型
435,6300,债券型
436,6301,债券型
437,501060,股票指数
438,501061,股票指数
439,6355,股票指数
440,6053,债券型
441,6054,债券型
442,6102,债券型
443,6132,混合型
444,6133,混合型
445,6275,债券型
446,6276,债券型
447,3179,债券型
448,4546,混合型
449,5774,混合型
450,6212,债券型
451,6213,债券型
452,6258,债券型
453,6111,混合型
454,4596,债券型
455,6039,混合型
456,6100,混合型
457,6101,混合型
458,5920,债券型
459,6172,债券型
460,6173,债券型
461,6331,债券型
462,5936,债券型
463,5990,债券型
464,6088,债券型
465,6089,债券型
466,6135,债券型
467,6145,债券型
468,6146,债券型
469,5732,混合型
470,5962,股票型
471,5963,股票型
473,6340,债券型
474,6085,混合型
477,2452,债券型
478,6048,股票指数
480,5484,混合型
481,5769,混合型
482,6109,混合型
483,6160,混合型
484,6161,混合型
485,5399,混合型
486,5955,混合型
487,5956,混合型
488,6114,债券型
489,6115,债券型
491,5726,混合型
492,5910,混合型
493,6113,混合型
494,6210,债券型
495,6211,债券型
497,160725,股票指数
498,5894,股票型
499,6190,混合型
500,5364,债券型
502,5922,债券型
503,160726,混合型
504,5419,债券型
505,5420,债券型
506,5571,混合型
507,5572,混合型
508,6076,债券型
509,6077,债券型
510,6090,债券型
511,6091,债券型
512,6222,债券型
513,5579,债券型
514,5580,债券型
515,5994,股票指数
516,6002,股票型
517,6003,股票型
519,5847,混合型
520,6007,混合型
521,6008,混合型
522,5339,股票指数
523,5559,债券型
524,5560,债券型
525,5599,混合型
526,5600,混合型
527,6188,债券型
528,5671,混合型
529,5672,混合型
530,6061,债券型
531,6064,债券型
532,6066,债券型
533,6067,债券型
534,5021,混合型
535,5432,债券型
536,6162,债券型
537,6022,混合型
538,6103,混合型
539,6163,债券型
540,5895,债券型
541,5901,混合型
542,5902,混合型
543,6142,债券型
544,165810,股票型
545,501059,股票指数
546,6063,股票指数
547,5794,混合型
548,160142,混合型
549,161131,混合型
550,161728,混合型
551,501186,混合型
552,501188,混合型
553,501189,混合型
554,5875,混合型
555,5882,债券型
556,6049,混合型
557,5462,债券型
558,5945,债券型
559,5946,债券型
561,2552,债券型
564,5533,混合型
565,6020,股票指数
566,6021,股票指数
567,5884,债券型
568,5977,混合型
569,5978,混合型
571,6107,债券型
572,5854,债券型
573,5886,债券型
574,5887,债券型
575,5960,股票型
576,5961,股票型
578,6038,混合型
579,6112,债券型
580,5805,混合型
581,5806,混合型
582,5851,混合型
583,5871,债券型
584,5908,债券型
585,5909,债券型
586,5959,混合型
587,6094,债券型
588,6095,债券型
589,5947,混合型
590,5948,混合型
591,4424,混合型
592,5807,股票指数
593,5808,股票指数
596,5953,混合型
597,5954,混合型
598,6096,债券型
599,5846,债券型
600,5883,混合型
601,5896,债券型
602,5900,混合型
603,5906,混合型
604,5907,混合型
605,5917,债券型
606,6029,债券型
607,673141,混合型
608,673143,混合型
609,6104,混合型
610,5668,混合型
611,5872,债券型
614,6043,债券型
615,6044,债券型
617,5951,债券型
618,5952,债券型
619,6068,债券型
620,6069,债券型
621,6071,债券型
622,3746,债券型
623,5790,债券型
624,5823,混合型
625,5824,混合型
626,5825,股票型
627,5845,债券型
630,5903,混合型
631,5992,债券型
632,5993,债券型
634,5436,债券型
635,5525,债券型
636,5489,混合型
637,5490,混合型
638,5670,债券型
639,5701,混合型
640,5738,混合型
643,5879,债券型
644,5772,债券型
645,5799,混合型
646,5800,混合型
647,5844,混合型
648,5864,债券型
649,5904,混合型
650,5905,混合型
651,6009,混合型
652,6010,混合型
653,6057,债券型
655,4893,债券型
656,4894,债券型
657,5338,债券型
658,5345,债券型
659,5346,债券型
660,5588,混合型
661,5592,混合型
662,5967,混合型
663,5750,债券型
664,5751,债券型
665,6016,债券型
666,6040,债券型
667,5711,混合型
668,5777,股票型
669,5949,混合型
670,6011,债券型
671,6012,债券型
672,161039,股票指数
673,5434,混合型
674,5523,混合型
676,5707,股票型
677,5741,混合型
680,6047,债券型
681,5611,债券型
682,5264,混合型
684,5780,债券型
685,5815,混合型
686,5821,混合型
687,5870,股票指数
688,5972,债券型
689,5973,债券型
690,501057,股票指数
691,501058,股票指数
692,5519,混合型
693,5679,混合型
694,5793,债券型
695,5974,混合型
696,5975,混合型
697,5674,混合型
698,5448,债券型
699,5480,债券型
700,5666,债券型
701,5819,混合型
702,5968,股票型
703,5969,股票型
704,6015,债券型
705,1980,混合型
706,5754,债券型
707,5756,债券型
708,5809,混合型
712,5439,债券型
713,5708,混合型
714,5535,混合型
715,5654,债券型
716,5705,债券型
717,5515,股票型
718,5516,股票型
719,5664,混合型
720,5665,混合型
722,5810,混合型
723,5811,混合型
724,5997,混合型
725,4833,混合型
726,4834,混合型
727,5095,混合型
728,5096,混合型
729,5812,混合型
730,5818,债券型
731,5831,债券型
732,5927,股票型
733,5928,股票型
734,5179,混合型
735,5395,混合型
736,5598,混合型
737,5650,混合型
738,5651,混合型
743,5683,混合型
744,5077,债券型
745,5544,混合型
746,5561,股票指数
747,5562,股票指数
749,5702,股票指数
750,5757,混合型
751,5796,混合型
752,5797,混合型
753,5841,债券型
754,5857,债券型
755,5628,股票型
756,5629,股票型
757,5739,混合型
758,5623,债券指数
759,5624,债券指数
760,5918,股票指数
761,5919,股票指数
762,2463,混合型
763,5080,混合型
764,5081,混合型
765,5331,混合型
766,5404,混合型
767,5537,混合型
768,5538,混合型
769,5573,债券型
770,5763,股票型
771,5802,股票型
772,4814,混合型
773,4815,混合型
774,5137,股票指数
775,5585,混合型
776,5607,股票指数
777,5608,股票指数
778,5706,混合型
779,5742,混合型
782,5849,债券型
783,5885,股票型
784,3751,混合型
785,5274,混合型
786,5289,债券型
788,164825,股票指数
789,5410,债券型
790,5745,债券型
791,5867,股票型
792,5878,混合型
793,5407,债券型
794,5485,债券型
795,5761,股票指数
796,5762,股票指数
797,5369,债券型
798,5476,债券型
799,5820,债券型
800,5828,债券型
801,5852,债券型
802,3174,债券型
803,5723,债券型
804,5822,债券型
805,501307,股票指数
806,501308,股票指数
807,5287,股票指数
808,5288,股票指数
809,501055,混合型
810,3442,债券型
811,1660,混合型
812,5373,混合型
813,5374,混合型
814,5541,混合型
815,5542,混合型
816,5596,混合型
817,5597,混合型
820,167705,股票型
821,167706,股票型
822,5173,债券型
823,5174,债券型
824,5635,股票型
825,5636,股票型
826,5642,混合型
827,5643,混合型
828,5593,混合型
829,5682,混合型
830,5795,股票指数
831,5093,债券型
832,5569,股票型
833,5570,股票型
834,5677,债券型
835,5778,债券型
836,162416,股票指数
837,4956,债券型
838,4957,债券型
839,5498,混合型
840,5609,混合型
841,5781,债券型
842,3269,债券型
843,3270,债券型
844,3450,债券型
845,4612,混合型
846,4613,混合型
847,5520,混合型
848,5138,混合型
849,5139,混合型
850,5168,混合型
851,5212,债券型
852,5618,混合型
853,5619,混合型
854,5652,混合型
855,5653,混合型
856,5740,债券型
857,5746,混合型
858,5275,混合型
859,5276,混合型
860,5309,债券型
861,5472,混合型
862,5473,混合型
863,5638,混合型
864,5766,债券型
865,675161,债券型
866,675163,债券型
867,2988,债券型
868,5530,股票型
869,5669,股票型
873,4934,混合型
874,5779,债券型
875,169106,混合型
876,2128,债券型
877,5090,混合型
878,5091,混合型
879,5152,股票型
880,5225,混合型
883,5505,混合型
884,5506,混合型
885,5587,混合型
886,5610,债券型
887,5616,混合型
888,5644,混合型
889,5646,混合型
891,5787,混合型
892,5376,混合型
893,5730,混合型
894,5753,债券型
895,3832,债券型
896,5164,混合型
897,5633,股票指数
898,5712,债券型
899,5467,债券型
900,5468,债券型
901,5501,债券型
902,5625,债券型
903,5455,债券型
904,5461,债券型
905,5630,混合型
906,5662,股票型
907,5663,股票型
908,5678,债券型
909,5749,债券型
910,5764,混合型
911,5765,混合型
912,5517,混合型
913,5518,混合型
914,5543,混合型
915,5647,债券型
916,4836,混合型
917,4837,混合型
918,5469,债券型
919,5470,债券型
921,5691,股票指数
922,4831,债券型
923,5097,货币型
924,5361,债券型
925,5371,混合型
926,5372,混合型
927,5576,混合型
928,5710,债券型
929,5733,股票型
931,5735,股票型
932,4805,股票型
933,5449,混合型
934,5583,混合型
935,5722,债券型
936,4838,债券型
937,5531,债券型
938,5532,债券型
939,5703,债券型
940,5704,债券型
942,4798,混合型
943,2289,股票型
944,5442,债券型
945,5648,债券型
946,2218,债券型
947,2219,债券型
948,3337,债券型
949,3338,债券型
950,5435,债券型
951,5632,混合型
952,5418,混合型
953,3069,股票型
954,4710,混合型
955,4790,股票指数
956,4794,混合型
957,5329,混合型
958,5330,混合型
959,5351,混合型
960,5400,混合型
961,5401,混合型
962,5447,混合型
963,5504,混合型
964,5526,混合型
965,5545,混合型
966,5550,混合型
967,5551,混合型
968,5692,股票型
973,4687,混合型
974,4688,混合型
975,4788,股票指数
976,5067,混合型
977,5104,混合型
978,5175,混合型
979,5277,债券型
980,5429,混合型
981,5430,混合型
982,5620,股票型
983,5621,股票型
984,4696,混合型
985,4926,混合型
986,4927,混合型
987,5166,混合型
990,1749,股票型
991,2143,债券型
992,4738,混合型
993,4739,混合型
994,5004,混合型
995,5078,债券型
996,5188,股票型
997,5189,股票型
998,5358,混合型
999,5359,混合型
1000,5481,混合型
1001,5499,混合型
1002,5552,混合型
1003,5553,混合型
1005,5631,债券型
1006,2649,混合型
1007,4668,混合型
1008,4669,混合型
1009,4760,混合型
1010,4761,混合型
1011,4792,债券型
1012,4793,债券型
1013,5293,混合型
1014,5295,混合型
1015,5311,混合型
1016,5312,混合型
1017,5477,混合型
1018,5478,混合型
1019,5548,债券型
1020,5556,债券型
1021,5563,股票指数
1022,5564,股票指数
1023,5565,股票指数
1024,5566,股票指数
1025,5567,股票指数
1026,5568,股票指数
1028,4942,混合型
1029,4943,混合型
1030,5381,混合型
1031,5382,混合型
1032,5386,混合型
1033,5387,混合型
1034,5397,混合型
1035,5405,混合型
1036,5406,混合型
1037,5457,股票型
1038,5459,混合型
1039,5460,混合型
1040,5645,债券型
1042,1562,混合型
1043,5317,混合型
1044,5318,混合型
1045,5375,债券型
1046,5622,债券型
1047,5658,股票型
1048,4767,债券型
1049,4917,混合型
1050,4918,混合型
1051,5041,混合型
1052,5042,混合型
1053,5128,混合型
1054,5213,债券型
1055,5223,股票指数
1056,5224,股票指数
1057,5299,混合型
1058,5300,混合型
1059,5357,混合型
1060,5443,混合型
1061,5486,混合型
1062,5487,混合型
1063,5502,股票型
1064,5612,股票型
1065,501054,混合型
1066,1441,混合型
1067,1442,混合型
1068,5313,股票指数
1069,5314,股票指数
1070,5617,债券型
1071,1747,混合型
1072,1748,混合型
1073,4211,混合型
1074,4693,混合型
1075,4959,混合型
1076,5234,债券型
1077,5396,混合型
1078,5403,混合型
1079,5463,混合型
1080,5464,混合型
1081,5507,债券型
1082,5508,债券型
1083,5301,混合型
1084,5302,混合型
1086,5421,混合型
1087,5482,混合型
1088,5483,混合型
1089,4564,债券型
1090,4627,债券型
1091,4628,债券型
1092,5193,债券型
1093,5241,混合型
1094,5242,混合型
1095,5281,混合型
1096,5325,混合型
1097,5326,混合型
1098,5590,债券型
1099,1957,债券型
1100,1958,债券型
1103,5255,混合型
1104,5259,股票型
1105,5307,债券型
1106,5308,债券型
1107,5323,混合型
1108,5324,混合型
1109,5437,混合型
1110,5438,混合型
1111,5445,混合型
1112,5492,混合型
1113,5493,混合型
1114,5494,混合型
1115,5547,债券型
1116,163417,混合型
1117,4459,债券型
1118,1835,混合型
1119,1836,混合型
1120,4731,混合型
1121,4732,混合型
1122,4812,股票型
1123,4813,股票型
1124,5120,混合型
1125,5127,债券型
1126,5167,混合型
1127,5252,混合型
1128,5379,混合型
1129,5393,债券型
1130,5453,混合型
1131,5454,混合型
1132,5474,混合型
1133,5475,混合型
1134,5521,混合型
1135,5575,债券型
1136,5450,混合型
1137,5594,债券型
1138,4750,混合型
1139,4751,混合型
1140,5409,混合型
1141,4637,债券型
1142,4638,债券型
1143,5001,混合型
1144,5226,混合型
1145,5294,混合型
1146,1819,债券型
1147,1832,混合型
1148,4652,混合型
1149,4653,混合型
1150,4882,债券型
1153,5082,混合型
1154,5083,混合型
1155,5335,混合型
1156,5388,债券型
1157,521,债券型
1158,4800,债券型
1159,5246,债券型
1160,5414,股票指数
1161,5415,股票指数
1162,5427,债券型
1163,5428,债券型
1164,5479,债券型
1165,5495,股票型
1166,5496,股票型
1167,5522,混合型
1168,5054,债券型
1169,5140,混合型
1170,5141,混合型
1171,5161,股票型
1172,5177,混合型
1173,5178,混合型
1174,5247,混合型
1175,5258,混合型
1176,5315,债券型
1177,5316,债券型
1178,5322,债券型
1179,5341,混合型
1180,5342,混合型
1181,5431,债券型
1182,4756,混合型
1183,4757,混合型
1184,4797,债券型
1185,4844,债券型
1186,5047,债券型
1187,5048,债券型
1188,5113,股票指数
1189,5114,股票指数
1190,5133,混合型
1191,5296,混合型
1192,5297,混合型
1194,5360,混合型
1195,5488,债券型
1196,160226,混合型
1197,5273,债券型
1198,5284,债券型
1199,5328,股票型
1201,2945,混合型
1202,4617,混合型
1203,4618,混合型
1204,5094,混合型
1205,5269,混合型
1206,5290,混合型
1207,5352,混合型
1208,5353,混合型
1209,5384,债券型
1210,2216,混合型
1211,2217,混合型
1212,501053,混合型
1213,5260,混合型
1214,5261,混合型
1215,4769,混合型
1216,4936,混合型
1217,4937,混合型
1218,4995,股票型
1219,5233,混合型
1220,5251,混合型
1221,5262,混合型
1222,5263,混合型
1223,5402,股票型
1224,2707,混合型
1225,4890,混合型
1226,5014,混合型
1227,5015,混合型
1228,5108,混合型
1229,5377,债券型
1230,5446,债券型
1231,2802,混合型
1233,5310,股票型
1234,5354,混合型
1235,4608,混合型
1236,4609,混合型
1237,5231,混合型
1238,5232,混合型
1239,4672,债券型
1240,4673,债券型
1241,4720,混合型
1242,4721,混合型
1243,4763,混合型
1244,4764,混合型
1245,4900,混合型
1246,4901,混合型
1247,5123,混合型
1248,5169,混合型
1249,5170,混合型
1250,5280,混合型
1251,5378,债券型
1252,5209,股票型
1253,5210,股票型
1254,2885,混合型
1255,4222,债券型
1256,4402,债券型
1257,4988,混合型
1258,4989,混合型
1259,5051,股票指数
1260,5052,股票指数
1261,5303,股票型
1262,5304,股票型
1263,501047,股票指数
1264,501048,股票指数
1265,1520,股票型
1266,4734,混合型
1267,4735,混合型
1268,5126,混合型
1269,5206,混合型
1270,5207,混合型
1271,5211,混合型
1272,5270,混合型
1273,5279,股票指数
1274,501051,混合型
1275,4852,混合型
1276,4853,混合型
1277,4913,混合型
1278,4914,混合型
1279,5186,混合型
1280,5187,混合型
1281,5268,股票型
1282,5343,混合型
1283,5344,混合型
1284,5144,债券型
1285,5145,债券型
1286,1573,混合型
1287,1738,混合型
1288,2713,混合型
1289,5072,债券型
1291,5366,债券型
1292,5367,债券型
1293,3032,混合型
1294,4881,混合型
1295,5018,混合型
1296,5075,混合型
1297,5146,混合型
1298,5158,债券型
1299,501305,股票指数
1300,501306,股票指数
1302,1857,混合型
1303,5109,混合型
1304,5110,混合型
1305,5265,混合型
1306,5266,混合型
1307,5159,债券型
1308,5160,债券型
1309,519022,混合型
1310,4038,债券型
1311,4724,混合型
1312,4725,混合型
1313,5321,债券型
1314,4044,混合型
1315,5142,混合型
1316,5143,混合型
1317,5176,混合型
1319,5244,混合型
1320,5245,混合型
1321,5285,债券型
1322,501049,混合型
1323,501106,债券型
1324,4674,混合型
1325,4675,混合型
1326,4685,混合型
1327,5208,债券型
1328,4707,混合型
1329,4719,混合型
1330,4993,债券型
1331,4994,债券型
1332,5228,混合型
1333,4925,股票型
1334,5171,债券型
1335,5197,混合型
1336,5198,混合型
1337,5235,股票型
1338,5236,股票型
1339,5237,股票型
1340,5238,股票型
1341,5239,股票型
1342,5240,股票型
1343,163825,债券型
1345,5267,股票型
1346,4887,债券型
1349,5250,混合型
1350,5059,混合型
1354,5043,混合型
1355,5044,混合型
1356,5084,混合型
1357,5085,混合型
1358,5172,债券型
1359,166024,混合型
1360,5136,混合型
1365,5124,债券型
1366,4818,混合型
1367,4819,混合型
1368,5122,货币型
1369,5153,货币型
1370,501046,混合型
1373,4923,债券型
1374,4921,债券型
1377,4979,债券型
1378,5053,混合型
1379,3213,债券型
1380,5028,混合型
1381,4671,混合型
1382,4899,债券型
1383,4935,混合型
1384,5000,混合型
1385,5009,股票型
1386,5111,混合型
1387,501039,混合型
1388,501040,混合型
1389,501041,混合型
1390,501042,混合型
1391,1783,债券型
1392,1784,债券型
1393,4871,混合型
1394,5088,混合型
1395,5089,混合型
1396,5106,股票型
1397,5112,股票指数
1398,5119,混合型
1399,1898,混合型
1400,4270,混合型
1401,4271,混合型
1402,5007,混合型
1403,5039,混合型
1404,5040,混合型
1405,5076,混合型
1406,168002,混合型
1407,606,债券型
1408,5055,混合型
1409,5062,股票指数
1410,2258,混合型
1411,4951,混合型
1412,4996,股票指数
1413,5049,混合型
1414,5050,混合型
1415,501303,股票指数
1416,519632,债券型
1417,2472,混合型
1418,4571,债券型
1419,4572,债券型
1420,4952,债券型
1421,4953,债券型
1422,5121,债券型
1423,2125,混合型
1424,4416,股票型
1425,4726,混合型
1426,4727,混合型
1427,4975,混合型
1428,5010,债券型
1429,5011,债券型
1430,5033,股票型
1431,5034,股票型
1432,5035,股票型
1433,5036,股票型
1434,5037,股票型
1435,5038,股票型
1437,2155,混合型
1440,4703,混合型
1441,4730,股票型
1442,5063,股票指数
1443,5064,股票指数
1444,5194,货币型
1445,4475,混合型
1446,4826,债券型
1447,5024,债券型
1450,4861,货币型
1451,5134,货币型
1452,5150,货币型
1453,4829,混合型
1454,5073,债券型
1455,5074,债券型
1456,5148,货币型
1457,4484,股票型
1458,4485,股票型
1459,4686,股票型
1460,4895,混合型
1461,4946,混合型
1462,4947,混合型
1463,4972,货币型
1464,4986,混合型
1465,501043,股票指数
1466,501045,股票指数
1467,4680,混合型
1468,4902,债券型
1471,5065,货币型
1472,4576,混合型
1473,4997,股票型
1474,5005,混合型
1475,5006,混合型
1476,5117,混合型
1477,5118,混合型
1478,4101,债券型
1479,4919,债券型
1480,516,债券型
1481,517,债券型
1482,4025,债券型
1483,4026,债券型
1484,4479,债券型
1485,4888,混合型
1486,4889,混合型
1487,4945,股票指数
1488,4958,混合型
1489,4965,混合型
1490,4966,混合型
1491,1780,混合型
1492,4128,混合型
1493,4932,混合型
1494,4933,混合型
1495,5008,债券型
1496,5098,货币型
1498,5125,股票指数
1499,4868,混合型
1500,5056,货币型
1501,5058,货币型
1502,673110,混合型
1503,1771,混合型
1508,4860,货币型
1509,4944,混合型
1510,4948,混合型
1511,1382,混合型
1512,2181,混合型
1513,4606,股票型
1514,4689,债券型
1515,4827,债券型
1516,4916,混合型
1517,4772,混合型
1518,4773,混合型
1519,4821,债券型
1520,5070,债券型
1521,5107,货币型
1522,3291,混合型
1523,3869,债券型
1524,2475,债券型
1525,4780,债券型
1526,2384,混合型
1527,4745,混合型
1528,4845,混合型
1529,4846,混合型
1531,4905,混合型
1532,5092,货币型
1533,3928,债券型
1534,4602,债券型
1535,4603,债券型
1536,4770,货币型
1537,5020,货币型
1538,5025,债券型
1539,4640,股票型
1540,4749,货币型
1541,4903,货币型
1542,5016,货币型
1543,501038,混合型
1544,4560,混合型
1545,4561,混合型
1546,4851,股票型
1547,4978,债券型
1548,4983,货币型
1550,501036,股票指数
1551,501037,股票指数
1552,3926,债券型
1553,3927,债券型
1554,4573,混合型
1555,4677,混合型
1556,4737,混合型
1557,4747,混合型
1558,4807,债券型
1559,4808,债券型
1560,4907,债券型
1561,4908,债券型
1562,4970,货币型
1563,4971,货币型
1564,4987,混合型
1565,501101,债券指数
1566,501105,债券指数
1567,2405,债券型
1568,2406,债券型
1569,2620,混合型
1570,4641,混合型
1571,1696,股票型
1572,4185,货币型
1573,4290,债券型
1574,4291,债券型
1575,4702,混合型
1576,4705,债券型
1577,4706,债券型
1578,4967,货币型
1579,4856,股票指数
1580,4857,股票指数
1581,4985,货币型
1582,1790,股票型
1583,3760,股票指数
1584,3761,股票指数
1585,4040,股票型
1586,4041,股票型
1587,4405,混合型
1588,4406,混合型
1589,4549,混合型
1590,4849,货币型
1591,4885,债券型
1592,4740,混合型
1593,4854,股票指数
1594,4855,股票指数
1595,166023,混合型
1596,4717,货币型
1597,4558,混合型
1598,4559,混合型
1599,4897,债券型
1600,4898,债券型
1601,4910,债券型
1602,150968,混合型
1603,4869,货币型
1604,2968,混合型
1605,4741,混合型
1606,4786,货币型
1607,4920,债券型
1608,4774,混合型
1609,632,债券型
1610,161038,混合型
1612,2180,混合型
1613,4521,混合型
1614,4522,混合型
1615,4858,股票型
1616,4865,货币型
1617,4911,债券型
1618,4912,债券型
1619,4683,股票型
1620,4202,混合型
1621,4775,混合型
1622,4825,债券型
1623,4446,混合型
1624,4447,混合型
1625,4648,混合型
1626,4649,混合型
1627,4896,货币型
1628,4716,股票型
1629,4938,货币型
1630,4939,货币型
1631,4796,货币型
1632,4476,股票型
1633,4616,股票型
1634,4666,混合型
1635,4870,股票指数
1636,4874,股票指数
1637,4875,股票指数
1638,4876,股票指数
1639,4536,混合型
1640,4698,股票型
1641,2495,混合型
1642,2496,混合型
1643,3516,混合型
1644,4496,混合型
1645,4497,混合型
1646,4777,混合型
1647,4488,股票型
1648,4550,债券型
1651,150988,货币型
1652,4265,混合型
1653,4352,股票型
1654,1596,混合型
1655,2177,混合型
1656,4601,债券型
1657,4783,混合型
1658,4785,混合型
1660,4841,货币型
1661,1817,混合型
1662,1818,混合型
1663,4655,债券型
1664,4656,债券型
1665,4722,债券型
1667,168501,混合型
1668,1576,股票型
1669,1806,混合型
1670,1807,混合型
1671,1965,混合型
1672,2861,股票型
1673,3656,债券型
1674,3657,债券型
1675,3995,债券指数
1676,3996,债券指数
1677,4486,债券型
1678,4694,混合型
1679,4723,债券型
1680,4748,混合型
1684,792,债券型
1685,1731,混合型
1686,1732,混合型
1687,3193,债券型
1688,3934,债券指数
1689,3935,债券指数
1690,4625,债券型
1691,4626,债券型
1692,4776,货币型
1693,165531,混合型
1694,673120,混合型
1696,4340,混合型
1697,4443,混合型
1698,4444,混合型
1699,4456,混合型
1700,4614,债券型
1701,4615,债券型
1702,4517,混合型
1703,4544,债券型
1704,2298,货币型
1705,2299,货币型
1707,160643,股票指数
1708,4629,债券型
1709,4119,混合型
1710,4183,混合型
1711,1532,混合型
1712,1656,混合型
1713,1707,股票型
1714,4223,混合型
1715,4498,债券型
1716,4684,货币型
1717,4701,货币型
1718,3518,债券型
1719,3519,债券型
1720,3834,股票型
1721,4464,债券型
1722,4465,债券型
1723,4634,混合型
1724,4155,混合型
1725,4156,混合型
1726,4389,债券型
1727,4746,股票指数
1728,4505,混合型
1729,1856,混合型
1730,2319,混合型
1731,3458,债券型
1732,3459,债券型
1733,4351,混合型
1734,4427,债券型
1735,4428,债券型
1736,4532,股票指数
1737,4533,股票指数
1738,4585,债券型
1739,4586,债券型
1743,1879,股票指数
1744,3932,债券指数
1745,3933,债券指数
1746,4604,混合型
1747,4605,混合型
1748,4050,混合型
1749,160324,混合型
1750,4502,货币型
1752,2424,混合型
1755,4182,混合型
1756,4227,混合型
1757,4228,混合型
1758,4468,混合型
1759,4481,混合型
1761,4514,混合型
1762,4699,货币型
1765,4205,混合型
1766,4423,混合型
1767,1968,债券型
1768,1969,债券型
1769,1988,债券型
1770,1989,债券型
1771,3938,混合型
1772,3939,混合型
1773,4120,货币型
1774,1789,混合型
1775,4429,混合型
1776,4450,股票型
1777,4555,债券型
1778,4556,债券型
1779,4651,债券型
1780,548,货币型
1781,4166,混合型
1782,4192,股票指数
1783,4193,股票指数
1784,4272,股票型
1785,4273,股票型
1786,4403,股票型
1787,4404,股票型
1788,4482,股票型
1789,4483,股票型
1790,4510,混合型
1791,2694,混合型
1792,3841,债券型
1793,4534,混合型
1794,4535,混合型
1795,4676,混合型
1796,1745,混合型
1797,1746,混合型
1798,4320,混合型
1799,4394,混合型
1800,161835,混合型
1801,4263,混合型
1802,4512,混合型
1803,4513,混合型
1804,4635,混合型
1805,4636,混合型
1806,2064,混合型
1807,4098,股票型
1808,4099,混合型
1809,4354,股票指数
1810,4569,混合型
1811,3997,货币型
1812,4480,混合型
1813,4495,混合型
1814,4397,混合型
1815,2161,混合型
1817,4466,混合型
1818,1648,混合型
1819,4219,混合型
1820,4250,混合型
1821,161037,股票指数
1822,166402,股票指数
1823,501016,股票指数
1824,1296,混合型
1825,4266,混合型
1826,4361,混合型
1827,4362,混合型
1828,167003,混合型
1829,3745,股票型
1832,4499,债券型
1833,3792,货币型
1837,4451,混合型
1838,4452,混合型
1839,4469,债券型
1840,4470,债券型
1841,4493,货币型
1842,4545,货币型
1844,501301,股票指数
1845,4413,混合型
1846,3537,货币型
1847,3538,货币型
1848,3987,债券指数
1849,3988,债券指数
1850,3989,债券指数
1851,3990,债券指数
1852,2003,混合型
1853,2004,混合型
1854,3184,股票型
1855,3204,债券型
1856,3205,债券型
1857,3542,债券型
1858,3545,债券型
1859,4151,货币型
1860,4278,混合型
1861,4390,混合型
1862,4391,混合型
1863,4434,混合型
1864,4435,混合型
1865,4436,混合型
1866,4437,混合型
1867,4449,货币型
1868,4547,债券型
1869,2276,债券型
1870,2277,债券型
1871,4218,混合型
1872,4448,混合型
1873,4548,债券型
1875,161631,股票指数
1876,4292,股票型
1877,4139,混合型
1878,4332,混合型
1879,3360,债券型
1880,3361,债券型
1881,4093,债券型
1882,519212,混合型
1883,2278,债券型
1884,4148,混合型
1885,4261,货币型
1886,4341,混合型
1887,4393,混合型
1888,4477,混合型
1889,4501,货币型
1890,501019,股票指数
1891,3197,债券型
1892,3198,债券型
1893,3009,债券型
1894,3010,债券型
1895,3025,混合型
1896,4357,混合型
1897,4359,混合型
1898,4360,混合型
1899,2023,混合型
1900,2024,混合型
1901,2602,混合型
1902,3680,债券型
1903,3723,债券型
1904,4264,债券型
1905,4374,混合型
1906,4375,混合型
1907,167702,股票型
1908,167703,股票型
1909,168108,混合型
1910,2005,混合型
1911,3494,混合型
1914,4075,股票型
1915,4141,债券型
1916,4284,混合型
1917,4316,混合型
1918,4317,混合型
1919,4318,债券型
1920,4319,债券型
1921,4212,混合型
1922,4209,混合型
1923,4453,混合型
1924,4454,混合型
1925,519330,债券型
1926,519331,债券型
1927,673100,股票指数
1928,1725,股票型
1929,3593,混合型
1930,3770,债券型
1931,4355,混合型
1932,4372,货币型
1933,3440,债券型
1934,3866,债券型
1935,4127,债券型
1936,4353,混合型
1937,3957,股票指数
1938,3958,股票指数
1939,3984,股票型
1940,3985,股票型
1941,4066,债券型
1942,4249,混合型
1944,762,混合型
1945,1880,混合型
1946,3697,混合型
1947,3912,混合型
1948,3913,混合型
1949,4042,债券型
1950,4043,债券型
1951,4122,债券型
1952,4189,股票型
1953,4244,混合型
1954,4330,货币型
1955,4442,混合型
1956,4455,混合型
1957,3650,债券型
1958,3845,混合型
1959,3846,混合型
1960,4314,混合型
1961,4315,混合型
1962,4399,货币型
1963,161036,股票指数
1964,873,货币型
1965,874,货币型
1966,3488,债券型
1967,3853,股票型
1968,4135,混合型
1969,4140,债券型
1970,4157,混合型
1971,4158,混合型
1972,4177,债券型
1973,4178,货币型
1974,4179,货币型
1975,4260,混合型
1976,4463,债券型
1977,519228,混合型
1978,519229,混合型
1979,675091,债券型
1980,675093,债券型
1981,675111,债券型
1982,675113,债券型
1984,3461,债券型
1985,3999,债券型
1986,4005,混合型
1987,4006,混合型
1988,4138,混合型
1989,4388,债券型
1990,4441,债券型
1991,4458,债券型
1992,1825,股票型
1993,3769,混合型
1994,3867,债券型
1995,4048,混合型
1998,4224,混合型
1999,4301,混合型
2000,4302,混合型
2001,4400,债券型
2002,4401,债券型
2003,4033,债券型
2004,3318,股票指数
2005,3978,债券型
2006,3979,债券型
2007,4083,混合型
2008,4084,混合型
2009,4194,股票指数
2010,4195,股票指数
2011,4200,债券型
2012,4285,货币型
2013,519784,债券型
2014,519785,债券型
2015,3238,混合型
2016,4020,债券型
2017,4081,混合型
2018,4082,混合型
2019,4104,债券型
2020,4105,债券型
2021,4131,混合型
2022,4132,混合型
2023,4238,债券型
2024,501027,混合型
2025,519631,债券型
2026,1901,混合型
2027,1902,混合型
2028,3000,混合型
2029,3001,混合型
2030,3403,债券型
2031,3457,债券型
2032,3831,混合型
2033,4129,混合型
2034,4130,混合型
2035,4142,混合型
2036,4143,混合型
2037,4321,混合型
2038,4407,股票型
2039,4408,股票型
2040,675100,债券型
2041,3852,债券型
2042,4032,债券型
2044,4366,债券型
2045,4367,债券型
2047,3517,债券型
2048,3670,混合型
2049,4230,债券型
2050,4335,混合型
2051,2920,债券型
2052,3561,混合型
2053,4252,混合型
2054,4282,货币型
2055,4398,货币型
2056,3388,货币型
2057,3389,货币型
2061,4344,股票指数
2066,4409,股票型
2067,4410,股票型
2068,519193,股票型
2069,1657,混合型
2070,2586,债券型
2071,2587,债券型
2072,3658,混合型
2073,4100,混合型
2074,2630,混合型
2075,2631,混合型
2076,3195,债券型
2077,3196,债券型
2078,4027,债券型
2079,4028,债券型
2080,4124,债券型
2081,4368,货币型
2082,829,货币型
2083,830,货币型
2084,1581,混合型
2085,1603,混合型
2086,3898,债券型
2087,4046,混合型
2088,4047,混合型
2089,4061,债券型
2090,4062,债券型
2091,4108,债券型
2092,4109,债券型
2093,4307,债券型
2095,519226,债券型
2096,4333,债券型
2097,3922,债券型
2098,3923,债券型
2099,4169,货币型
2100,4056,货币型
2101,4102,债券型
2102,4103,债券型
2103,4190,股票指数
2104,4191,股票指数
2105,4251,货币型
2106,4258,混合型
2107,4259,混合型
2108,4279,混合型
2109,4280,混合型
2110,4322,债券型
2111,3188,债券型
2112,3548,股票指数
2113,3550,混合型
2114,3554,混合型
2115,3747,债券型
2116,3748,债券型
2117,519175,混合型
2118,3567,混合型
2119,675121,债券型
2120,675123,债券型
2121,3954,混合型
2122,1364,混合型
2124,1782,混合型
2125,1844,混合型
2126,2910,混合型
2127,3315,债券型
2128,3598,混合型
2129,3702,股票指数
2130,3828,混合型
2131,3857,混合型
2132,3858,混合型
2133,3884,股票指数
2134,3885,股票指数
2135,3956,股票型
2137,3980,混合型
2138,3981,混合型
2139,4091,混合型
2140,4092,混合型
2141,4133,货币型
2142,4171,混合型
2143,4172,混合型
2144,4198,货币型
2145,4206,混合型
2146,501032,混合型
2149,4000,混合型
2150,4076,混合型
2151,4106,债券型
2152,4107,债券型
2153,4112,混合型
2154,4126,债券型
2155,161233,混合型
2156,673090,股票型
2157,3793,债券型
2158,3794,债券型
2159,3813,混合型
2160,4001,债券型
2161,4002,债券型
2162,1839,混合型
2163,2925,债券型
2164,2926,债券型
2165,4052,债券型
2166,4053,债券型
2167,4072,货币型
2168,4168,债券型
2169,4225,混合型
2170,4226,混合型
2171,4267,债券型
2172,519746,债券型
2173,4234,混合型
2174,4235,混合型
2175,4236,混合型
2176,4241,股票型
2177,3359,股票指数
2178,3504,债券型
2179,3505,债券型
2180,3704,混合型
2181,3826,债券型
2182,3827,债券型
2183,4079,债券型
2184,4080,债券型
2185,4144,混合型
2186,4145,混合型
2187,4246,债券型
2188,4247,债券型
2189,501029,股票指数
2190,3312,股票型
2191,4008,混合型
2192,4009,混合型
2193,2742,债券型
2194,2743,债券型
2195,2936,货币型
2196,3039,债券型
2197,3040,债券型
2198,3132,混合型
2199,3407,债券型
2200,3408,债券型
2201,3637,债券型
2202,3638,债券型
2203,3889,混合型
2204,3890,混合型
2205,4136,债券型
2206,4210,货币型
2207,4231,混合型
2208,4232,混合型
2209,4233,混合型
2210,4237,混合型
2211,2967,混合型
2212,3107,债券型
2213,3108,债券型
2214,3384,债券型
2215,3882,混合型
2216,3883,混合型
2217,3854,混合型
2218,3855,混合型
2219,3986,股票指数
2220,4149,混合型
2221,4150,混合型
2222,4220,债券型
2223,4221,混合型
2224,163008,债券型
2225,3583,债券型
2226,3584,债券型
2229,3865,股票型
2230,4216,货币型
2231,2983,混合型
2232,3109,债券型
2233,3110,债券型
2234,3715,混合型
2235,4085,债券指数
2236,4086,债券指数
2237,3293,混合型
2238,3640,债券型
2239,2943,混合型
2240,4121,货币型
2241,168401,混合型
2242,1720,混合型
2243,1721,混合型
2244,1722,混合型
2245,2000,混合型
2246,3152,混合型
2247,3153,混合型
2248,3298,股票型
2249,3299,股票型
2250,3300,混合型
2251,3581,混合型
2252,3591,混合型
2253,3592,混合型
2254,3659,混合型
2256,3803,混合型
2257,3804,混合型
2258,3842,混合型
2259,3843,混合型
2260,4030,债券型
2261,4065,混合型
2262,4153,混合型
2263,4154,混合型
2264,4175,混合型
2265,4176,混合型
2267,501011,股票指数
2268,501012,股票指数
2269,501030,股票指数
2270,501031,股票指数
2271,519629,混合型
2272,519630,混合型
2273,3580,混合型
2274,911,债券型
2275,3013,债券型
2276,3014,债券型
2277,3081,债券指数
2278,3082,债券指数
2279,3085,债券指数
2280,3086,债券指数
2281,3422,货币型
2284,3664,债券型
2285,3665,债券型
2286,3762,混合型
2287,3763,混合型
2288,3877,混合型
2289,3878,混合型
2290,4097,货币型
2291,4173,货币型
2292,519622,债券型
2293,519627,混合型
2294,519628,混合型
2295,1765,混合型
2296,1770,混合型
2297,3078,债券型
2298,3467,货币型
2299,4089,债券型
2300,4090,债券型
2301,160323,混合型
2302,914,债券型
2303,1498,混合型
2304,1850,混合型
2307,3752,货币型
2308,3754,混合型
2309,3755,混合型
2310,2863,混合型
2311,3079,债券指数
2312,3080,债券指数
2313,3083,债券指数
2314,3084,债券指数
2315,3460,货币型
2316,3515,货币型
2317,3646,股票指数
2318,3647,股票指数
2319,3674,债券型
2320,3684,混合型
2321,3685,混合型
2322,3850,混合型
2323,3851,混合型
2324,3888,债券型
2325,3940,混合型
2326,4010,混合型
2327,4011,混合型
2328,4059,债券型
2329,4118,债券型
2330,501007,股票指数
2331,501008,股票指数
2332,501009,股票指数
2333,501010,股票指数
2334,1816,混合型
2335,2164,混合型
2336,2808,混合型
2337,3333,混合型
2338,3448,债券型
2339,3477,混合型
2340,3728,债券型
2341,4060,货币型
2342,168301,混合型
2343,3968,货币型
2344,2111,混合型
2347,3366,股票指数
2349,3749,混合型
2350,3750,混合型
2351,3787,债券型
2352,3788,债券型
2353,3886,混合型
2354,3887,混合型
2356,4039,货币型
2358,162717,混合型
2359,168106,混合型
2360,168107,混合型
2361,519332,债券型
2362,519333,债券型
2363,3342,债券型
2364,3417,债券型
2365,3643,债券型
2366,3795,债券型
2367,3796,债券型
2368,3824,债券型
2369,3825,债券型
2370,3949,债券型
2371,4077,货币型
2372,3115,混合型
2373,3116,混合型
2374,3513,混合型
2375,3859,债券型
2376,3860,债券型
2377,3961,混合型
2378,3962,混合型
2379,519931,股票指数
2380,2179,混合型
2382,3401,债券型
2383,3476,混合型
2384,3848,混合型
2385,3849,混合型
2386,3966,混合型
2387,3967,混合型
2388,2996,债券型
2389,3284,混合型
2390,3717,混合型
2391,3780,混合型
2392,3811,债券型
2393,3812,债券型
2394,3993,混合型
2397,1710,混合型
2398,1711,混合型
2399,2118,混合型
2400,2119,混合型
2401,2455,混合型
2402,3603,混合型
2403,3604,混合型
2404,3799,混合型
2405,3800,混合型
2406,3805,混合型
2407,3806,混合型
2408,3876,股票指数
2409,3983,债券型
2410,519625,混合型
2411,519626,混合型
2412,1659,混合型
2413,2792,混合型
2414,2793,混合型
2415,3123,债券型
2416,3124,债券型
2417,3308,混合型
2418,3316,货币型
2419,3317,货币型
2420,3424,债券型
2421,3465,货币型
2422,3482,货币型
2423,3498,债券型
2424,3499,债券型
2425,3510,债券型
2426,3511,债券型
2427,3569,债券型
2428,3571,债券型
2429,3614,债券型
2430,3615,债券型
2431,3626,混合型
2432,3634,股票型
2433,3672,债券型
2434,3809,债券型
2435,3839,混合型
2436,3840,混合型
2437,3863,债券型
2438,3950,混合型
2439,3951,混合型
2440,169201,混合型
2441,3502,混合型
2442,3503,混合型
2443,3528,债券型
2444,3529,债券型
2445,3776,债券型
2446,3777,债券型
2447,3861,混合型
2448,3862,混合型
2449,3814,债券指数
2450,3815,债券指数
2451,3817,债券指数
2452,3818,债券指数
2453,3891,债券型
2454,3929,债券型
2455,3930,债券型
2456,673081,混合型
2457,673083,混合型
2458,675071,货币型
2459,2550,债券型
2460,3478,货币型
2461,3742,债券型
2462,3835,混合型
2465,1758,混合型
2466,2898,债券型
2467,2899,债券型
2468,3150,混合型
2469,3151,混合型
2470,3292,混合型
2471,3797,混合型
2472,3798,混合型
2473,3874,货币型
2474,2683,混合型
2475,2780,混合型
2476,3228,货币型
2477,3475,股票指数
2478,3546,债券型
2479,3663,混合型
2480,3708,债券型
2481,3709,债券型
2482,3713,混合型
2483,3714,混合型
2484,3739,混合型
2485,3847,债券型
2486,3182,混合型
2487,3183,混合型
2488,3218,债券型
2489,3219,债券型
2490,3378,混合型
2491,3578,股票指数
2492,3579,股票指数
2493,3628,债券型
2494,3668,债券型
2495,3669,债券型
2496,3673,债券型
2497,3819,债券型
2498,3833,债券型
2499,3837,债券型
2500,3838,债券型
2503,519782,债券型
2504,519783,债券型
2505,1530,混合型
2506,3413,混合型
2507,3520,债券型
2508,3521,债券型
2509,3590,债券型
2510,3730,债券型
2511,3767,债券型
2512,3768,债券型
2513,2906,股票指数
2514,2907,股票指数
2515,2961,债券型
2516,2962,债券型
2517,2969,债券型
2518,3223,债券型
2519,3446,混合型
2520,3447,混合型
2521,3486,债券型
2522,3501,混合型
2523,3610,混合型
2524,3611,混合型
2525,3711,货币型
2526,3733,债券型
2528,3871,货币型
2529,519786,债券型
2530,519787,债券型
2531,2006,混合型
2532,3585,货币型
2533,3678,货币型
2534,3741,债券型
2535,501028,混合型
2536,1756,混合型
2537,1874,混合型
2538,2459,债券型
2539,2460,债券型
2540,3037,债券型
2541,3038,债券型
2542,3568,债券型
2543,3586,混合型
2544,3587,混合型
2545,3601,混合型
2546,3602,混合型
2547,3641,混合型
2548,3642,混合型
2549,519623,混合型
2550,519624,混合型
2551,1633,混合型
2552,1634,混合型
2553,3314,债券型
2554,3397,混合型
2555,3427,债券型
2556,3492,股票型
2557,3703,债券型
2558,673071,混合型
2559,673073,混合型
2560,675081,债券型
2561,675083,债券型
2562,2133,混合型
2563,2563,混合型
2564,3400,债券型
2565,3484,混合型
2566,3485,混合型
2567,3731,债券型
2568,3732,债券型
2569,3295,混合型
2572,519206,债券型
2573,519207,债券型
2574,2730,混合型
2575,2731,混合型
2576,2736,债券型
2577,2737,债券型
2578,2778,混合型
2579,2779,混合型
2580,3180,债券型
2581,3181,债券型
2583,3290,债券型
2584,3445,债券型
2585,3497,债券型
2587,3612,债券型
2588,3613,债券型
2589,3692,混合型
2590,3693,混合型
2591,3734,混合型
2592,3735,混合型
2593,160223,股票指数
2594,160322,股票型
2595,161035,股票指数
2596,519139,混合型
2597,519328,债券型
2598,519329,债券型
2599,519772,混合型
2600,1759,混合型
2601,2332,股票型
2602,2333,股票型
2603,2788,货币型
2604,2819,混合型
2605,2820,混合型
2606,3258,债券型
2607,3404,混合型
2608,3405,混合型
2609,3582,混合型
2610,3594,混合型
2611,3595,混合型
2612,3648,债券型
2613,3655,混合型
2614,501025,股票指数
2615,519949,混合型
2616,2685,混合型
2617,2686,混合型
2620,3279,混合型
2621,3332,混合型
2622,3379,混合型
2623,3380,混合型
2624,3394,债券型
2625,3438,债券型
2626,3439,债券型
2627,3681,债券型
2628,2120,混合型
2629,3301,债券型
2630,3302,债券型
2631,3493,混合型
2632,3512,混合型
2634,3534,货币型
2635,3536,货币型
2636,3549,债券型
2637,3566,债券型
2639,3588,货币型
2640,519779,混合型
2641,2634,混合型
2642,3398,货币型
2643,3429,债券指数
2644,3607,债券型
2645,3671,债券型
2646,519776,债券型
2647,519777,债券型
2648,1824,混合型
2649,2121,股票型
2650,2135,混合型
2651,2136,混合型
2652,2825,债券型
2653,2837,混合型
2658,3334,债券型
2659,3335,债券型
2660,3416,股票型
2661,3425,债券型
2662,3426,债券型
2663,3428,债券型
2664,3574,债券型
2665,3575,债券型
2666,3618,债券型
2667,3619,债券型
2668,3622,股票型
2669,3623,股票型
2670,3624,股票型
2671,3625,股票型
2673,960042,债券型
2674,2711,债券型
2675,2712,债券型
2676,3319,混合型
2677,3320,混合型
2678,3487,债券型
2679,519199,债券型
2680,2140,债券型
2681,3382,债券型
2682,3383,债券型
2683,3396,混合型
2684,2594,混合型
2685,3208,混合型
2686,3286,债券型
2689,3500,债券型
2690,3527,债券型
2691,3547,债券型
2692,501050,股票指数
2695,3221,债券型
2696,3222,债券型
2697,3349,债券型
2698,3363,货币型
2699,3365,货币型
2700,3371,债券型
2701,3372,债券型
2702,3452,债券型
2703,3453,债券型
2704,3125,混合型
2705,3351,混合型
2706,3352,混合型
2707,3479,货币型
2708,3495,混合型
2709,3496,混合型
2710,3525,货币型
2712,2547,混合型
2713,3289,债券型
2714,3432,混合型
2715,3433,混合型
2716,3454,债券型
2717,3455,债券型
2718,3473,货币型
2719,3474,货币型
2720,519778,混合型
2721,2889,货币型
2722,3456,混合型
2723,3514,债券型
2724,3265,债券型
2725,3266,债券型
2726,3391,货币型
2727,3392,货币型
2729,2773,混合型
2730,2774,混合型
2731,3304,混合型
2732,3305,混合型
2733,3336,债券型
2734,3402,货币型
2735,3418,债券型
2736,3434,混合型
2737,3435,混合型
2740,501022,混合型
2741,2894,货币型
2742,3206,货币型
2743,3261,股票指数
2744,3262,股票指数
2745,1715,混合型
2746,1998,混合型
2749,163119,股票指数
2750,2662,混合型
2751,2663,混合型
2752,2908,混合型
2753,3095,混合型
2754,3096,混合型
2755,3175,混合型
2757,3252,货币型
2758,3282,混合型
2759,3283,混合型
2760,3345,混合型
2761,3346,混合型
2762,3373,混合型
2763,3374,混合型
2764,3395,债券型
2766,3411,混合型
2767,3412,混合型
2768,3414,混合型
2769,3415,混合型
2770,160722,混合型
2771,165317,混合型
2772,501023,股票指数
2773,519225,债券型
2774,519935,股票型
2775,675061,货币型
2776,1045,债券型
2777,1513,混合型
2778,1744,混合型
2779,3131,混合型
2780,3186,混合型
2783,3220,债券型
2784,3241,混合型
2785,3242,混合型
2786,3343,混合型
2787,3344,混合型
2788,3358,债券指数
2789,3367,混合型
2790,3368,混合型
2791,2670,股票指数
2792,2671,股票指数
2794,3376,债券指数
2795,3377,债券指数
2796,168105,混合型
2797,2783,混合型
2798,2784,混合型
2799,3034,货币型
2800,3254,债券型
2801,3255,债券型
2802,1706,混合型
2803,1743,混合型
2804,2545,混合型
2805,2564,混合型
2806,3135,债券型
2807,3161,混合型
2808,3246,货币型
2809,3280,债券型
2810,519220,债券型
2811,519223,混合型
2812,519224,混合型
2813,2829,货币型
2814,2612,混合型
2817,3147,混合型
2818,160642,混合型
2819,167002,混合型
2820,3171,货币型
2822,3259,债券型
2823,3327,债券型
2824,3328,债券型
2825,3329,债券型
2826,3330,债券型
2827,501026,混合型
2828,519208,债券型
2829,519209,债券型
2830,3357,债券型
2831,2772,混合型
2832,3056,债券型
2833,3104,混合型
2834,160421,混合型
2835,2684,债券型
2836,3173,债券型
2837,3268,债券型
2838,3277,债券型
2839,3278,债券型
2840,3287,债券型
2841,3288,债券型
2843,675051,债券型
2844,675053,债券型
2845,1614,混合型
2846,2578,债券型
2847,2728,混合型
2848,2729,混合型
2849,2938,混合型
2850,2980,股票型
2851,3053,股票型
2852,3054,股票型
2853,3145,股票型
2854,3154,混合型
2855,3207,债券型
2856,3260,债券型
2858,519221,混合型
2859,519222,混合型
2860,519616,混合型
2861,519617,混合型
2862,519618,混合型
2863,3133,债券型
2864,3134,债券型
2865,519619,混合型
2866,519620,混合型
2867,519621,混合型
2868,2523,债券型
2869,3022,货币型
2871,3192,债券型
2872,3226,债券型
2873,3227,债券型
2874,3234,混合型
2875,3235,混合型
2876,3236,债券型
2877,3237,债券型
2878,3285,债券型
2879,3224,混合型
2880,3225,混合型
2881,1733,股票型
2882,2528,债券型
2883,2529,债券型
2884,2823,混合型
2885,2824,混合型
2886,2860,混合型
2887,2930,债券型
2888,3044,混合型
2889,3045,混合型
2890,3073,债券型
2891,3074,债券型
2892,3209,债券型
2893,3210,债券型
2894,3230,股票型
2895,3231,股票型
2896,3232,股票型
2897,3233,股票型
2898,168104,混合型
2899,3176,债券型
2900,3177,债券型
2901,2474,债券型
2902,2997,债券型
2903,3187,混合型
2904,675041,债券型
2905,675043,债券型
2907,2514,混合型
2908,2515,混合型
2909,2574,混合型
2910,2581,混合型
2911,2582,混合型
2912,2833,混合型
2913,2834,混合型
2915,2939,混合型
2916,2965,债券型
2917,2966,债券型
2918,2986,债券型
2919,3119,混合型
2920,3120,混合型
2921,3156,债券型
2922,3157,债券型
2923,3214,债券型
2924,2518,混合型
2925,3190,股票型
2926,3191,股票型
2927,3026,混合型
2928,3027,混合型
2929,3105,混合型
2930,3106,混合型
2931,3117,混合型
2932,3118,混合型
2933,3155,债券型
2934,3163,债券型
2935,3165,混合型
2936,3166,混合型
2937,160522,混合型
2938,160921,混合型
2939,3075,货币型
2940,1667,混合型
2942,2955,混合型
2943,3041,债券型
2944,3162,债券型
2945,519613,混合型
2946,519614,混合型
2947,519615,混合型
2948,3167,债券型
2949,3168,债券型
2950,3169,混合型
2951,3170,混合型
2952,519773,混合型
2953,2734,债券型
2954,2735,债券型
2955,2918,货币型
2957,3159,债券型
2958,3160,债券型
2959,519136,债券型
2960,2989,混合型
2961,2430,混合型
2962,2431,混合型
2963,2919,混合型
2964,168103,混合型
2965,1703,股票型
2966,3033,混合型
2967,3142,混合型
2968,3143,混合型
2969,2614,混合型
2970,2615,混合型
2971,2838,混合型
2972,2844,混合型
2973,2952,股票型
2974,3030,混合型
2975,3031,混合型
2976,3146,债券型
2977,1947,混合型
2978,2845,混合型
2979,3062,混合型
2980,3063,混合型
2981,2624,混合型
2983,3099,债券型
2984,3100,债券型
2985,3102,债券型
2986,3103,债券型
2987,3121,债券型
2988,3130,债券型
2989,3144,混合型
2990,3164,货币型
2991,169105,混合型
2992,1809,混合型
2993,2264,混合型
2994,2959,混合型
2995,2960,货币型
2996,3023,债券型
2997,3064,混合型
2998,2434,混合型
2999,2435,混合型
3002,2851,混合型
3003,160520,混合型
3004,160521,混合型
3005,161834,混合型
3006,2994,债券型
3007,2995,债券型
3008,3028,混合型
3009,3029,混合型
3010,1685,股票型
3011,2723,债券型
3012,2724,债券型
3015,2883,货币型
3016,2929,债券型
3017,2932,债券型
3018,2933,债券型
3019,2957,货币型
3020,3042,货币型
3021,519134,混合型
3022,519929,混合型
3023,2758,货币型
3024,2621,股票型
3025,2697,股票型
3026,3015,股票指数
3027,3016,股票指数
3028,1101,货币型
3029,2542,混合型
3030,2785,债券型
3031,2786,债券型
3032,2807,债券型
3033,167001,混合型
3034,519942,债券型
3035,519943,债券型
3036,2458,混合型
3037,2796,债券型
3038,2797,债券型
3039,2901,债券型
3040,2902,债券型
3041,2971,债券型
3042,2972,债券型
3043,2690,混合型
3044,2691,混合型
3045,2738,债券型
3046,2739,债券型
3047,2776,混合型
3048,2777,混合型
3049,2912,货币型
3050,2970,债券型
3052,2991,债券型
3053,2847,货币型
3054,1974,股票型
3055,2668,混合型
3056,2765,债券型
3057,2766,债券型
3058,2831,混合型
3059,2915,债券型
3060,2934,混合型
3061,2935,混合型
3062,2803,混合型
3067,2982,股票指数
3070,2732,混合型
3071,2927,债券型
3072,2928,债券型
3073,2443,混合型
3074,2849,混合型
3075,2862,混合型
3076,2923,混合型
3078,2604,混合型
3079,2659,债券指数
3080,2660,混合型
3081,2708,混合型
3082,2852,货币型
3083,2917,货币型
3084,2669,混合型
3085,2789,混合型
3086,2868,债券型
3087,169104,混合型
3088,519933,债券型
3089,2622,混合型
3090,2666,混合型
3091,2667,混合型
3092,2813,混合型
3093,2814,混合型
3096,163007,债券型
3098,2811,债券型
3099,519198,混合型
3100,675031,货币型
3101,2502,混合型
3102,2503,混合型
3103,2703,混合型
3104,2745,混合型
3106,2657,混合型
3107,2658,混合型
3108,2909,债券型
3109,2569,债券型
3110,2864,债券型
3111,2865,债券型
3112,2881,债券型
3113,2882,债券型
3114,2482,混合型
3115,2639,混合型
3116,2654,混合型
3117,2692,混合型
3118,2866,债券型
3121,2465,混合型
3122,2651,债券型
3123,2652,债券型
3124,1978,混合型
3125,2083,混合型
3126,2084,混合型
3127,2585,混合型
3128,2595,股票型
3129,2598,混合型
3130,2599,混合型
3131,2767,混合型
3132,2810,混合型
3133,2817,债券型
3134,2818,债券型
3135,2646,货币型
3136,2653,混合型
3137,2189,混合型
3140,2561,混合型
3141,2597,混合型
3144,2717,混合型
3145,2718,混合型
3146,2746,混合型
3147,2749,债券型
3148,2759,货币型
3149,2795,债券型
3150,161727,混合型
3151,2709,货币型
3152,519197,混合型
3153,519937,债券型
3154,2714,混合型
3155,2801,混合型
3156,2832,债券型
3157,2855,货币型
3158,160519,混合型
3159,2828,货币型
3160,1764,股票型
3161,1878,股票型
3162,2605,混合型
3166,2701,债券型
3167,2702,债券型
3168,2720,债券型
3169,2721,债券型
3171,2804,混合型
3172,501017,混合型
3173,2521,债券型
3174,2522,债券型
3175,2628,混合型
3176,2629,混合型
3177,2644,债券型
3178,2681,混合型
3179,2682,混合型
3180,2782,债券型
3181,161232,混合型
3182,673043,混合型
3183,165528,混合型
3184,2588,股票指数
3186,2755,债券型
3187,2775,债券型
3188,958,债券型
3189,959,债券型
3190,1942,混合型
3191,1943,混合型
3192,2307,混合型
3193,2449,混合型
3194,2593,混合型
3195,2640,混合型
3196,2123,混合型
3197,2235,货币型
3198,2596,混合型
3199,2733,货币型
3200,2769,债券型
3201,2196,混合型
3202,2650,债券型
3203,2754,债券型
3204,519610,混合型
3205,519611,混合型
3206,519612,混合型
3207,2076,股票指数
3208,2342,债券型
3209,2344,债券型
3210,2345,混合型
3211,2483,债券型
3212,2584,混合型
3213,2636,债券型
3214,2637,债券型
3215,2794,债券型
3216,2655,混合型
3217,2661,债券型
3218,2698,债券型
3219,2753,货币型
3220,2770,混合型
3221,2771,混合型
3223,2580,混合型
3224,2583,混合型
3225,2635,债券型
3226,2672,货币型
3227,519767,混合型
3228,1986,混合型
3229,2191,混合型
3230,2567,混合型
3231,2747,货币型
3232,2577,混合型
3233,2546,货币型
3234,2601,混合型
3235,1983,混合型
3237,2214,混合型
3238,2519,债券型
3239,2543,混合型
3240,2544,混合型
3241,2560,混合型
3242,2573,混合型
3243,519133,混合型
3244,2512,混合型
3245,2562,混合型
3246,2618,混合型
3247,2619,混合型
3248,2664,混合型
3249,2665,混合型
3250,2679,货币型
3251,2498,混合型
3252,2616,混合型
3253,2617,混合型
3254,2453,混合型
3255,2454,混合型
3256,2537,混合型
3257,519768,混合型
3258,519769,混合型
3259,519770,混合型
3260,519771,混合型
3261,2510,股票指数
3262,2632,债券型
3263,2633,债券型
3264,2638,债券型
3265,2192,混合型
3266,2387,股票型
3267,1875,混合型
3268,2419,混合型
3269,2497,混合型
3270,160518,混合型
3272,2194,混合型
3273,2317,混合型
3274,2398,混合型
3275,2399,混合型
3276,2421,债券型
3277,2422,债券型
3278,2504,混合型
3279,2505,混合型
3280,1755,混合型
3281,2600,债券型
3282,2149,混合型
3283,2222,混合型
3284,2340,混合型
3285,2494,混合型
3286,2527,混合型
3287,2269,混合型
3288,1932,混合型
3289,2174,混合型
3290,2408,混合型
3291,2490,债券型
3292,2568,债券型
3293,2591,债券型
3294,2592,债券型
3295,2096,混合型
3296,2256,混合型
3297,2322,混合型
3298,2323,混合型
3299,2326,混合型
3300,2327,混合型
3301,2328,混合型
3302,2501,债券型
3303,2579,债券型
3304,1864,混合型
3305,2411,混合型
3306,2466,债券型
3307,1524,混合型
3308,2190,混合型
3309,2355,债券型
3310,2450,混合型
3311,2451,混合型
3312,2489,混合型
3313,2533,混合型
3314,2067,混合型
3315,2407,混合型
3316,519766,混合型
3317,2381,债券型
3318,2382,债券型
3319,2535,混合型
3320,2536,混合型
3321,2160,混合型
3322,2303,混合型
3323,2331,混合型
3326,2412,债券型
3327,2440,债券型
3328,519951,混合型
3329,2227,混合型
3330,2228,混合型
3331,2251,混合型
3332,2272,混合型
3333,2383,混合型
3336,2397,债券型
3337,2491,债券型
3338,2534,债券型
3339,2553,混合型
3340,2555,混合型
3341,2556,股票型
3342,2446,混合型
3343,1701,混合型
3344,2243,货币型
3345,2524,债券型
3346,2548,债券型
3347,2549,债券型
3349,2486,债券型
3350,2487,债券型
3351,2488,债券型
3352,2520,债券型
3353,1917,股票型
3354,1975,股票型
3355,2229,股票型
3356,2415,混合型
3357,2211,混合型
3358,2212,混合型
3359,2244,混合型
3360,2334,股票型
3361,2335,股票型
3362,2336,债券型
3363,2367,混合型
3364,2420,混合型
3365,519642,混合型
3366,673040,混合型
3367,2461,混合型
3368,2462,混合型
3369,2513,混合型
3370,2341,债券型
3372,2442,债券型
3373,501015,混合型
3374,1827,混合型
3375,2425,混合型
3376,1954,混合型
3377,2447,债券型
3378,1811,混合型
3384,2358,混合型
3385,2485,混合型
3386,1718,股票型
3387,2134,混合型
3388,2456,混合型
3389,2416,混合型
3390,2417,混合型
3391,2438,债券型
3392,2492,债券型
3393,1933,混合型
3394,2445,债券型
3395,1781,股票型
3396,1918,债券型
3397,1919,债券型
3398,2263,混合型
3399,2409,混合型
3400,2410,混合型
3401,2116,混合型
3402,2117,混合型
3403,2146,混合型
3404,2147,混合型
3405,2377,债券型
3406,2389,混合型
3407,2441,债券型
3408,2291,混合型
3409,161033,股票指数
3410,2436,混合型
3411,1802,混合型
3412,1803,混合型
3413,1970,混合型
3414,2095,混合型
3415,2103,混合型
3416,2168,股票型
3417,2173,混合型
3418,2261,混合型
3419,2262,混合型
3420,2295,混合型
3421,2305,混合型
3422,2361,债券型
3423,2362,债券型
3424,2378,混合型
3425,2413,混合型
3426,2414,混合型
3427,168102,混合型
3428,1401,货币型
3429,1536,混合型
3430,1604,混合型
3431,1645,股票型
3432,1717,股票型
3433,1760,混合型
3434,1852,混合型
3435,1927,混合型
3436,1928,混合型
3437,2142,混合型
3438,2200,货币型
3439,2202,货币型
3440,2236,股票指数
3441,2245,债券型
3442,2246,债券型
3443,2270,混合型
3444,2274,债券型
3445,2275,债券型
3446,2282,混合型
3447,2300,股票型
3448,2301,债券型
3449,2324,货币型
3450,2325,货币型
3451,2330,混合型
3452,2338,混合型
3453,2376,混合型
3454,2418,混合型
3455,519172,混合型
3456,519173,混合型
3457,2363,混合型
3458,2364,混合型
3459,2404,债券型
3460,1719,股票型
3461,1940,混合型
3462,2124,混合型
3463,2288,混合型
3464,2318,货币型
3465,2388,混合型
3466,1223,股票型
3467,1479,混合型
3468,1829,混合型
3469,1956,股票型
3470,1972,混合型
3471,2065,债券型
3472,2066,债券型
3473,2385,股票指数
3474,519196,混合型
3475,2273,混合型
3476,2313,混合型
3477,2314,混合型
3478,2210,股票型
3479,2292,混合型
3480,2351,债券型
3481,673050,混合型
3482,1709,混合型
3483,2152,混合型
3484,2280,债券型
3485,501002,混合型
3486,501005,股票指数
3487,501006,股票指数
3488,519176,混合型
3489,1605,股票型
3490,1877,股票型
3492,2259,混合型
3493,169103,混合型
3494,497,债券型
3495,2354,债券型
3496,2360,混合型
3497,2132,混合型
3498,2175,债券型
3499,2304,混合型
3500,189,债券型
3501,1990,混合型
3502,2086,债券型
3503,2296,混合型
3504,2293,混合型
3505,2339,混合型
3506,2337,债券型
3507,2281,混合型
3508,2310,股票指数
3509,2311,股票指数
3510,2315,股票指数
3511,2316,股票指数
3512,1616,股票型
3513,1714,股票型
3514,1761,混合型
3515,1762,混合型
3516,2159,混合型
3517,2197,混合型
3518,2213,混合型
3520,2271,混合型
3521,519762,债券型
3522,519763,债券型
3523,2020,混合型
3524,2085,混合型
3525,2268,债券型
3526,2247,货币型
3527,1740,混合型
3528,1795,混合型
3529,1979,混合型
3531,2182,混合型
3532,2220,混合型
3533,2279,债券型
3534,1681,混合型
3535,1991,货币型
3536,2073,债券型
3537,2074,债券型
3538,2184,货币型
3540,1959,混合型
3541,1985,混合型
3542,2138,债券型
3543,2139,债券型
3544,2172,混合型
3545,519644,混合型
3546,2260,货币型
3547,1716,混合型
3548,1967,混合型
3549,1997,混合型
3550,2183,货币型
3551,2249,混合型
3552,1575,债券型
3553,1963,债券型
3554,1521,股票型
3555,1664,混合型
3556,1665,混合型
3557,2156,混合型
3558,2157,混合型
3559,2195,货币型
3560,2252,混合型
3561,1849,股票型
3562,2231,混合型
3563,2232,混合型
3564,1763,混合型
3565,1837,混合型
3566,1842,货币型
3567,1910,混合型
3568,1948,债券型
3569,1949,债券型
3570,2077,货币型
3571,2145,混合型
3572,1635,混合型
3573,1636,混合型
3574,1637,股票型
3575,1794,债券型
3576,165527,混合型
3577,2178,混合型
3579,2198,债券型
3580,2206,债券型
3581,2233,混合型
3582,943,债券型
3583,944,债券型
3584,1443,混合型
3585,1444,混合型
3587,1607,混合型
3588,1608,混合型
3589,1726,股票型
3590,1801,混合型
3591,1838,混合型
3592,1869,混合型
3593,1915,股票型
3594,1922,混合型
3595,1951,混合型
3596,2027,混合型
3597,2137,混合型
3598,2165,混合型
3599,2169,债券型
3600,2188,债券型
3601,2207,混合型
3602,1920,债券型
3603,1921,债券型
3604,2199,股票指数
3605,519960,混合型
3606,2186,混合型
3608,1688,混合型
3609,1677,股票型
3610,1796,混合型
3611,2148,混合型
3612,2158,混合型
3613,2167,混合型
3614,2170,混合型
3615,519962,混合型
3616,1861,混合型
3617,1924,混合型
3618,2046,混合型
3620,1686,混合型
3621,1687,混合型
3622,1981,货币型
3623,1982,货币型
3624,2018,混合型
3625,2019,混合型
3626,1522,混合型
3627,1523,混合型
3628,1899,股票指数
3629,1964,债券型
3630,1976,债券型
3631,1987,货币型
3632,2025,混合型
3633,2026,混合型
3634,2166,混合型
3635,2162,混合型
3636,2163,混合型
3637,519177,混合型
3638,1507,混合型
3639,1570,混合型
3640,1580,混合型
3641,1993,债券型
3642,2015,混合型
3643,2016,混合型
3644,2054,混合型
3645,2056,混合型
3646,2057,混合型
3647,2058,混合型
3648,2079,混合型
3649,2082,混合型
3650,2087,混合型
3651,2088,混合型
3652,2091,混合型
3653,2101,债券型
3654,2102,债券型
3655,2141,混合型
3656,519759,混合型
3657,519760,混合型
3658,519761,混合型
3659,1734,混合型
3660,1735,混合型
3661,1808,混合型
3662,2017,混合型
3663,2035,混合型
3664,2051,混合型
3665,2052,混合型
3666,2053,混合型
3667,2144,混合型
3668,1387,混合型
3669,1388,混合型
3670,1584,混合型
3671,1585,混合型
3672,1939,混合型
3673,2009,混合型
3674,2010,混合型
3675,2029,混合型
3676,2036,混合型
3677,2049,混合型
3678,2072,混合型
3679,2075,混合型
3680,1729,混合型
3681,1903,混合型
3682,1904,混合型
3683,1905,混合型
3684,1941,债券型
3685,1945,债券型
3686,1946,债券型
3687,2030,混合型
3688,2055,混合型
3689,2059,混合型
3690,2061,混合型
3691,2062,混合型
3692,2071,混合型
3693,2080,混合型
3694,2106,混合型
3695,2112,混合型
3696,519646,混合型
3697,519647,混合型
3698,519947,债券型
3699,1822,混合型
3700,2060,混合型
3701,2068,混合型
3702,2043,混合型
3703,1224,混合型
3704,1574,混合型
3705,1823,混合型
3706,1866,混合型
3707,1914,混合型
3708,1705,股票型
3709,1897,混合型
3710,1613,混合型
3711,1893,货币型
3712,1892,混合型
3713,1960,债券型
3714,1961,债券型
3715,1820,货币型
3716,1543,混合型
3717,1894,货币型
3718,1973,货币型
3719,1938,股票型
3720,1862,债券型
3721,1863,债券型
3722,1925,货币型
3723,1937,货币型
3724,1929,货币型
3725,1858,混合型
3726,326,股票型
3727,1736,股票型
3728,1815,混合型
3729,1907,混合型
3730,1908,混合型
3731,1950,债券型
3732,1569,混合型
3733,1650,混合型
3734,1865,混合型
3735,1911,债券型
3736,1909,货币型
3737,1766,股票型
3738,1931,货币型
3739,1779,债券型
3740,1916,货币型
3741,1212,债券型
3742,1213,债券型
3743,1881,混合型
3744,1882,混合型
3745,1883,混合型
3746,1885,混合型
3747,1886,混合型
3748,1888,混合型
3749,1889,债券型
3750,1643,股票型
3751,1644,股票型
3753,1810,混合型
3754,1830,混合型
3755,1235,债券型
3757,1870,货币型
3758,1621,货币型
3759,1868,债券型
3760,1739,混合型
3761,1776,债券型
3762,1867,货币型
3763,1753,混合型
3764,1791,混合型
3765,1792,混合型
3766,1798,混合型
3767,1799,混合型
3768,1826,货币型
3769,1887,混合型
3770,1890,混合型
3771,1891,混合型
3772,1661,债券型
3773,1623,混合型
3774,1641,混合型
3775,1723,混合型
3776,1812,货币型
3777,1741,混合型
3778,1742,混合型
3779,1679,混合型
3780,1800,混合型
3781,1702,混合型
3782,1708,混合型
3783,1712,混合型
3784,1751,债券型
3785,1752,债券型
3786,1682,混合型
3787,1797,混合型
3788,1535,混合型
3789,1626,股票型
3790,1672,股票型
3791,1834,混合型
3792,1086,债券型
3793,1087,债券型
3794,1675,混合型
3795,1676,混合型
3796,1695,混合型
3797,1728,混合型
3798,1730,混合型
3799,160225,股票指数
3800,1397,股票指数
3801,1692,股票型
3802,1704,混合型
3804,1487,混合型
3805,1500,混合型
3806,1662,混合型
3807,1528,股票型
3808,1506,混合型
3809,1628,股票型
3810,160635,股票指数
3811,1775,混合型
3812,161227,股票指数
3813,168101,混合型
3814,1386,货币型
3815,1537,混合型
3816,1606,混合型
3817,164908,股票指数
3818,502023,股票指数
3819,502040,股票指数
3820,502053,股票指数
3821,1541,股票型
3822,1583,股票型
3823,1482,股票型
3825,1651,股票型
3826,1663,股票型
3827,161226,混合型
3828,165525,股票指数
3829,519195,混合型
3830,1542,股票型
3831,1563,混合型
3832,1669,货币型
3833,1697,货币型
3834,1699,货币型
3835,519157,混合型
3836,1410,股票型
3837,1564,混合型
3838,1769,混合型
3839,1773,混合型
3840,167301,股票指数
3841,161713,债券型
3842,1473,股票型
3843,1617,股票指数
3844,1618,股票指数
3845,1629,股票指数
3846,1630,股票指数
3847,1631,股票指数
3848,1632,股票指数
3849,1609,混合型
3850,1610,混合型
3851,1363,混合型
3852,1468,混合型
3853,1540,混合型
3854,1577,股票型
3855,673030,混合型
3856,892,混合型
3857,1275,混合型
3858,1518,混合型
3859,1624,货币型
3860,1724,混合型
3861,1727,混合型
3862,502056,股票指数
3863,1666,货币型
3865,161629,股票指数
3866,1548,股票指数
3867,1549,股票指数
3868,1588,股票指数
3869,1589,股票指数
3870,1601,混合型
3871,1602,混合型
3872,1531,混合型
3873,519965,股票型
3874,1620,混合型
3875,1683,混合型
3876,1490,股票型
3877,1302,混合型
3879,150327,股票型
3880,164819,股票指数
3881,164821,股票指数
3882,1365,混合型
3883,1449,混合型
3884,1512,债券型
3885,1547,混合型
3886,1566,混合型
3887,1567,混合型
3888,1592,股票指数
3889,1593,股票指数
3890,1594,股票指数
3891,1595,股票指数
3892,502010,股票指数
3893,1654,混合型
3894,1638,股票型
3895,160420,股票指数
3896,519956,混合型
3897,519957,混合型
3898,1495,混合型
3899,1571,混合型
3900,1572,混合型
3901,501000,混合型
3902,1322,混合型
3903,1511,混合型
3904,160137,股票指数
3905,161628,股票指数
3906,501001,混合型
3907,1433,混合型
3908,1534,混合型
3909,1550,股票指数
3910,1551,股票指数
3911,1552,股票指数
3912,1553,股票指数
3913,1556,股票指数
3914,1557,股票指数
3915,1558,混合型
3916,1559,混合型
3917,1578,债券型
3918,1073,混合型
3919,1294,混合型
3920,1403,混合型
3921,1421,股票型
3922,1445,混合型
3924,1457,混合型
3925,1471,混合型
3926,1480,混合型
3927,502036,股票指数
3928,1352,混合型
3929,1437,混合型
3930,1438,混合型
3931,1463,混合型
3932,1526,货币型
3933,1527,货币型
3934,164907,股票指数
3935,165523,股票指数
3936,165524,股票指数
3937,168001,股票指数
3938,917,货币型
3939,1234,货币型
3940,1384,混合型
3941,1385,混合型
3942,1496,股票型
3943,1529,货币型
3944,161030,股票指数
3945,168204,股票指数
3946,1193,股票型
3947,1319,股票型
3948,1348,混合型
3949,1371,混合型
3950,1420,股票指数
3951,1426,股票指数
3952,1474,混合型
3953,1396,股票型
3954,760,货币型
3955,1283,混合型
3956,1284,混合型
3957,1367,债券型
3958,1404,股票型
3959,1412,混合型
3960,1475,混合型
3961,1476,股票型
3962,1477,货币型
3963,1484,混合型
3964,1488,混合型
3965,1489,混合型
3966,1499,混合型
3967,161032,股票指数
3968,163118,股票指数
3969,165526,混合型
3970,168203,股票指数
3971,519640,混合型
3972,519641,混合型
3973,1398,混合型
3974,1411,混合型
3975,1417,混合型
3976,1453,混合型
3977,1454,混合型
3978,1503,混合型
3979,1504,混合型
3980,1505,混合型
3981,1278,混合型
3982,1314,混合型
3983,1315,混合型
3984,1366,混合型
3985,1408,混合型
3986,1418,混合型
3987,1419,混合型
3988,1448,混合型
3989,1485,混合型
3991,1515,混合型
3993,160634,股票指数
3994,160636,股票指数
3995,160814,股票指数
3996,1308,货币型
3998,1422,混合型
3999,1423,混合型
4000,1430,混合型
4001,1466,混合型
4002,1467,混合型
4003,1470,混合型
4004,161031,股票指数
4005,502006,股票指数
4006,1211,货币型
4007,1413,混合型
4008,1414,混合型
4009,519961,混合型
4010,1415,混合型
4011,1427,混合型
4012,1446,混合型
4013,1464,混合型
4014,162414,混合型
4015,1299,债券型
4016,1305,混合型
4017,1447,混合型
4018,160135,股票指数
4019,519756,混合型
4020,1255,混合型
4021,1297,混合型
4022,1313,股票型
4023,1351,股票指数
4024,1357,混合型
4025,1376,混合型
4026,1392,混合型
4027,1393,混合型
4028,1416,股票型
4029,160418,股票指数
4030,160419,股票指数
4031,160517,股票指数
4032,160637,股票指数
4033,519963,混合型
4034,1355,混合型
4035,1356,混合型
4036,1407,混合型
4037,1399,混合型
4038,1400,混合型
4039,1402,混合型
4040,1405,混合型
4041,1406,混合型
4042,1409,股票型
4043,168205,股票指数
4044,1239,混合型
4045,1306,混合型
4046,1307,混合型
4047,162413,股票指数
4048,164403,混合型
4049,1244,混合型
4050,1266,混合型
4051,1267,混合型
4052,160136,股票指数
4053,161121,股票指数
4054,161122,股票指数
4055,161123,股票指数
4056,1219,混合型
4057,1230,股票型
4058,1245,股票型
4059,1291,股票型
4060,1298,混合型
4061,1359,混合型
4062,519755,混合型
4063,673020,混合型
4064,1324,混合型
4065,1379,混合型
4066,327,混合型
4067,1004,混合型
4068,1182,混合型
4069,1210,混合型
4071,1257,债券型
4072,1258,债券型
4073,1312,混合型
4074,1336,混合型
4075,1337,混合型
4076,1342,混合型
4077,1343,混合型
4078,1358,混合型
4079,1370,混合型
4080,160640,股票指数
4081,502013,股票指数
4082,519753,债券型
4083,1220,混合型
4084,1225,混合型
4086,1282,混合型
4087,1323,混合型
4088,1373,混合型
4089,160639,股票指数
4090,161725,股票指数
4091,161726,股票指数
4093,502020,股票指数
4094,1195,股票型
4095,1276,混合型
4096,1300,混合型
4097,1301,混合型
4098,1318,混合型
4099,1345,混合型
4100,1347,混合型
4101,1316,混合型
4102,1325,混合型
4103,1326,混合型
4104,1327,混合型
4105,1328,混合型
4106,1329,混合型
4107,1330,混合型
4108,1331,混合型
4109,1332,混合型
4110,1338,混合型
4111,1339,混合型
4112,1362,混合型
4113,1374,货币型
4114,1380,混合型
4115,1381,混合型
4116,519171,混合型
4117,1236,股票型
4118,1320,混合型
4119,1256,混合型
4120,1303,混合型
4121,1335,混合型
4122,162412,股票指数
4123,164818,股票指数
4124,1069,混合型
4125,1152,混合型
4126,1277,股票型
4127,1279,混合型
4128,1287,混合型
4129,1334,混合型
4130,1349,混合型
4131,161723,股票指数
4132,161724,股票指数
4133,1181,混合型
4134,1218,混合型
4135,1222,混合型
4136,1311,混合型
4137,160516,股票指数
4138,161225,混合型
4139,1178,股票型
4140,1273,混合型
4141,1281,混合型
4142,160638,股票指数
4143,1042,股票型
4144,1199,债券型
4145,1200,债券型
4146,519752,混合型
4147,1175,货币型
4148,1177,货币型
4149,1215,混合型
4150,1227,混合型
4151,1254,混合型
4152,1265,混合型
4153,1268,混合型
4154,1280,混合型
4155,1285,混合型
4156,1286,混合型
4157,1289,混合型
4158,1304,混合型
4159,163116,股票指数
4160,167503,股票指数
4161,168201,股票指数
4163,1252,混合型
4164,1208,股票型
4165,519651,混合型
4166,1088,混合型
4167,1102,混合型
4168,1156,混合型
4169,1270,混合型
4170,1271,混合型
4171,1272,混合型
4172,1135,混合型
4174,1186,股票型
4175,1232,货币型
4176,1264,混合型
4177,160633,股票指数
4178,519967,债券型
4180,1154,混合型
4181,1226,混合型
4182,1251,货币型
4183,1242,股票指数
4184,1243,股票型
4185,1261,混合型
4186,1167,股票型
4187,1184,混合型
4188,1249,混合型
4189,161029,股票指数
4190,1075,混合型
4191,1163,股票型
4192,1179,混合型
4193,1209,混合型
4194,1250,混合型
4195,160632,股票指数
4196,1125,混合型
4197,1158,股票型
4198,1162,股票型
4199,1171,股票型
4200,1188,股票型
4201,1201,混合型
4202,1228,混合型
4203,1247,混合型
4204,1229,混合型
4205,1039,股票型
4206,1072,股票型
4207,1113,股票指数
4208,1231,混合型
4209,1076,混合型
4210,1094,货币型
4211,1095,货币型
4212,1192,混合型
4213,953,混合型
4214,954,混合型
4215,1166,股票型
4216,519652,混合型
4217,519653,混合型
4218,519655,混合型
4219,1059,混合型
4220,1144,混合型
4221,1170,混合型
4222,1196,混合型
4223,1197,混合型
4224,1198,混合型
4225,1240,货币型
4226,1140,混合型
4227,1183,混合型
4228,1202,混合型
4229,1203,混合型
4230,1204,混合型
4231,1205,混合型
4232,160631,股票指数
4233,161722,混合型
4234,1150,混合型
4235,164401,股票指数
4236,979,股票型
4240,1068,混合型
4241,1105,股票型
4242,1120,混合型
4243,1121,混合型
4245,1185,混合型
4246,502000,股票指数
4247,502048,股票指数
4248,1126,股票型
4249,1172,混合型
4250,1190,混合型
4251,1191,混合型
4252,1128,混合型
4253,1173,混合型
4254,1174,混合型
4255,462,混合型
4256,972,混合型
4257,1127,混合型
4258,1194,混合型
4259,161224,混合型
4260,1104,股票型
4261,1143,混合型
4262,1189,混合型
4263,519654,债券型
4264,977,混合型
4265,1118,混合型
4266,1157,混合型
4267,1112,混合型
4268,1164,混合型
4269,1165,混合型
4270,861,货币型
4271,1149,股票型
4272,1006,货币型
4273,1037,混合型
4274,1040,股票型
4275,1146,混合型
4276,1147,混合型
4277,1148,混合型
4279,1141,混合型
4280,1142,混合型
4281,160221,股票指数
4282,161028,股票指数
4283,164402,股票指数
4284,993,混合型
4285,1056,混合型
4286,1060,混合型
4287,1103,混合型
4288,161027,股票指数
4289,1043,股票型
4290,1097,股票型
4291,160224,股票指数
4292,164508,股票指数
4293,164905,股票指数
4294,1047,股票型
4296,1115,混合型
4297,1116,混合型
4299,1053,混合型
4300,1070,股票型
4301,1074,混合型
4302,1136,混合型
4303,1139,混合型
4304,1044,股票型
4305,1134,货币型
4306,400032,混合型
4307,1119,混合型
4308,974,股票型
4309,1054,股票型
4310,1117,混合型
4311,1028,股票型
4312,1030,混合型
4314,1106,混合型
4315,1110,混合型
4316,1111,混合型
4317,1048,股票型
4318,1122,混合型
4319,1123,混合型
4320,519170,混合型
4322,1096,货币型
4323,1009,股票型
4324,1067,混合型
4325,937,债券型
4326,938,债券型
4327,976,混合型
4328,991,股票型
4329,1050,股票型
4330,603,混合型
4331,968,股票指数
4332,996,股票型
4333,1017,混合型
4334,1027,股票指数
4336,1014,混合型
4337,1018,混合型
4339,1036,股票型
4340,965,混合型
4341,966,混合型
4342,519969,混合型
4343,913,股票型
4344,986,混合型
4345,997,债券型
4346,998,债券型
4347,1015,股票指数
4348,1016,股票指数
4349,967,混合型
4350,969,混合型
4351,992,混合型
4352,620,货币型
4353,621,货币型
4354,161222,混合型
4355,767,混合型
4356,978,股票型
4357,1026,货币型
4358,519975,股票型
4361,297,债券型
4362,628,股票型
4363,926,混合型
4365,994,混合型
4366,995,混合型
4367,945,混合型
4368,946,混合型
4369,985,股票型
4370,960,股票型
4371,739,混合型
4373,1000,混合型
4374,333,债券型
4375,334,债券型
4376,887,混合型
4377,905,货币型
4378,955,股票型
4379,1008,股票型
4380,936,混合型
4381,971,股票型
4382,1007,混合型
4383,708,混合型
4384,940,混合型
4385,963,混合型
4386,931,债券型
4388,867,股票型
4389,961,股票指数
4390,962,股票指数
4391,981,货币型
4392,1010,货币型
4393,169102,混合型
4394,519748,债券型
4395,717,混合型
4396,973,债券型
4397,901,货币型
4398,932,混合型
4399,933,混合型
4400,916,股票型
4402,935,混合型
4403,176,股票指数
4404,160919,股票型
4405,727,混合型
4406,889,债券型
4407,890,债券型
4408,939,混合型
4409,159006,货币型
4410,884,股票型
4411,907,货币型
4412,921,货币型
4414,877,混合型
4415,878,混合型
4416,879,混合型
4417,898,债券型
4418,899,债券型
4419,924,混合型
4420,161026,股票指数
4421,910,债券型
4422,928,混合型
4423,400030,债券型
4424,519743,债券型
4425,519745,债券型
4426,880,混合型
4427,904,混合型
4428,519915,混合型
4429,421,债券型
4430,422,债券型
4431,893,股票型
4432,160629,股票指数
4433,866,股票型
4434,870,混合型
4435,912,货币型
4436,925,股票型
4437,816,货币型
4438,903,货币型
4439,845,混合型
4440,920,货币型
4441,854,股票型
4442,875,债券型
4443,876,债券型
4444,896,债券型
4445,897,债券型
4446,844,混合型
4450,882,货币型
4451,165522,股票指数
4452,161721,股票指数
4453,519130,混合型
4454,841,混合型
4455,843,混合型
4456,849,混合型
4457,850,混合型
4458,419,债券型
4459,420,债券型
4460,684,混合型
4461,712,货币型
4462,855,货币型
4463,857,货币型
4464,750,货币型
4465,891,货币型
4466,835,股票指数
4467,871,货币型
4468,895,货币型
4469,519062,混合型
4470,824,混合型
4471,828,股票型
4472,831,股票型
4473,839,债券型
4474,840,债券型
4475,519673,股票型
4476,822,混合型
4477,859,债券型
4478,860,货币型
4479,736,债券型
4480,737,债券型
4481,823,混合型
4483,868,货币型
4484,869,货币型
4485,160630,股票指数
4486,161720,股票指数
4487,772,混合型
4488,160813,混合型
4489,778,股票型
4490,801,债券型
4491,802,债券型
4492,862,货币型
4493,863,货币型
4494,757,混合型
4495,826,股票指数
4496,827,股票指数
4497,810,债券型
4498,812,债券型
4500,803,股票型
4501,160222,股票指数
4502,793,股票型
4503,848,货币型
4504,847,货币型
4505,519878,货币型
4506,836,货币型
4507,837,货币型
4508,814,债券型
4509,832,货币型
4510,800,混合型
4511,805,混合型
4512,788,混合型
4513,531008,债券型
4514,781,债券型
4515,782,债券型
4516,794,混合型
4517,796,混合型
4518,804,混合型
4521,797,货币型
4522,818,货币型
4523,400027,债券型
4524,400029,债券型
4525,677,货币型
4526,761,股票型
4527,773,货币型
4528,780,股票型
4531,763,混合型
4532,169101,混合型
4533,730,货币型
4534,743,混合型
4535,693,货币型
4536,751,股票型
4537,753,混合型
4538,754,混合型
4539,696,股票型
4540,701,货币型
4541,742,混合型
4542,785,货币型
4543,787,货币型
4544,714,混合型
4545,519516,货币型
4546,519606,股票型
4547,710,货币型
4548,789,货币型
4549,160628,股票指数
4550,755,混合型
4551,164304,股票指数
4552,598,混合型
4553,756,股票型
4555,747,混合型
4556,779,货币型
4557,163827,债券型
4558,746,股票型
4559,400025,混合型
4562,161025,股票指数
4563,723,债券型
4564,771,货币型
4565,531017,债券型
4570,758,货币型
4571,748,货币型
4572,741,货币型
4573,744,债券型
4574,745,债券型
4575,697,股票型
4576,734,货币型
4577,764,货币型
4578,759,货币型
4579,689,混合型
4580,729,股票型
4582,436,混合型
4583,646,混合型
4584,698,混合型
4585,711,股票型
4586,489,债券型
4587,490,债券型
4589,679,混合型
4590,688,股票型
4593,519740,债券型
4594,319,债券型
4595,320,债券型
4596,721,货币型
4597,519675,债券型
4598,519971,混合型
4599,738,货币型
4600,620010,货币型
4601,477,混合型
4602,690,混合型
4603,161719,债券型
4604,649,混合型
4605,724,货币型
4606,726,货币型
4608,561,债券型
4609,562,债券型
4610,654,混合型
4611,668,债券型
4612,669,债券型
4613,706,混合型
4615,163115,股票指数
4616,709,货币型
4617,678,货币型
4618,160133,股票型
4619,719,货币型
4621,667,混合型
4622,672,混合型
4623,681,货币型
4624,683,货币型
4625,694,债券型
4626,695,混合型
4627,699,货币型
4628,519127,混合型
4629,615,货币型
4630,704,货币型
4631,663,混合型
4632,657,货币型
4633,659,货币型
4634,660,货币型
4635,661,货币型
4636,662,货币型
4637,687,货币型
4638,513,股票型
4639,626,货币型
4640,644,货币型
4641,692,债券型
4642,647,货币型
4643,656,股票指数
4644,686,货币型
4645,165314,债券型
4646,612,混合型
4647,664,混合型
4648,655,债券型
4649,616,债券型
4650,617,债券型
4651,160627,混合型
4652,554,混合型
4653,619,混合型
4654,609,混合型
4656,642,货币型
4657,650,货币型
4658,652,混合型
4659,519568,货币型
4660,519918,混合型
4662,594,股票型
4663,519664,混合型
4664,519665,混合型
4665,576,货币型
4666,600,货币型
4667,596,股票指数
4668,597,混合型
4669,602,货币型
4670,645,货币型
4671,519738,混合型
4672,639,混合型
4673,400023,混合型
4674,591,混合型
4675,519126,混合型
4676,512,股票指数
4677,402,债券型
4678,403,债券型
4679,585,混合型
4680,587,混合型
4681,592,股票型
4682,599,货币型
4683,601,混合型
4684,641,货币型
4685,640,货币型
4686,519909,混合型
4687,165809,债券指数
4688,519736,混合型
4689,496,混合型
4692,638,货币型
4693,520,混合型
4694,566,混合型
4695,519059,债券型
4696,160625,股票指数
4697,160626,股票指数
4698,367,混合型
4699,586,股票型
4700,634,混合型
4701,551,混合型
4702,589,混合型
4703,607,货币型
4704,618,货币型
4705,625,货币型
4707,563,债券型
4708,564,债券型
4709,604,货币型
4710,298,债券型
4711,299,债券型
4712,545,混合型
4713,519165,混合型
4714,577,股票型
4715,578,债券型
4716,579,债券型
4717,584,混合型
4718,549,股票型
4719,574,混合型
4720,160918,混合型
4722,595,混合型
4723,160812,混合型
4724,161024,股票指数
4725,519060,债券型
4726,519061,债券型
4727,590,混合型
4728,522,混合型
4729,572,混合型
4730,161221,债券型
4731,534,混合型
4732,536,债券型
4733,559,货币型
4734,560,货币型
4735,588,货币型
4736,519566,货币型
4737,466,债券型
4738,547,混合型
4739,567,混合型
4741,530,混合型
4744,531,混合型
4745,532,混合型
4746,550,混合型
4747,541,混合型
4748,581,货币型
4749,524,股票型
4750,573,混合型
4751,519677,股票指数
4752,538,混合型
4753,163113,股票指数
4754,529,混合型
4755,535,混合型
4756,556,混合型
4757,557,混合型
4758,164509,债券型
4759,164510,债券型
4760,409,股票型
4762,458,混合型
4763,507,混合型
4764,508,混合型
4765,417,混合型
4766,526,混合型
4767,339,混合型
4768,533,货币型
4769,542,货币型
4770,575,货币型
4771,527,混合型
4772,569,货币型
4773,523,混合型
4774,511,混合型
4775,540,货币型
4776,539,货币型
4777,519656,混合型
4778,519657,混合型
4779,457,股票型
4780,431,混合型
4781,432,混合型
4782,463,债券型
4783,471,股票型
4784,480,混合型
4785,481,债券型
4786,519733,债券型
4787,519735,债券型
4788,475,货币型
4789,478,股票指数
4790,503,债券型
4791,504,债券型
4792,528,货币型
4793,519191,混合型
4794,452,混合型
4795,493,货币型
4796,505,货币型
4797,509,货币型
4798,411,股票型
4799,394,债券型
4800,433,混合型
4801,483,货币型
4802,160220,混合型
4803,519729,债券型
4806,160624,混合型
4807,165521,股票指数
4808,423,混合型
4809,519056,混合型
4811,398,混合型
4812,464,货币型
4813,362,混合型
4814,363,混合型
4815,439,货币型
4816,397,货币型
4817,410,混合型
4818,418,股票型
4819,408,混合型
4820,214,混合型
4821,377,债券型
4822,378,债券型
4823,390,混合型
4824,519808,货币型
4825,366,货币型
4827,435,债券型
4828,161626,债券型
4829,161627,债券型
4830,424,货币型
4831,414,混合型
4832,305,债券型
4833,519125,混合型
4834,519162,债券型
4835,519163,债券型
4836,379,货币型
4839,406,债券型
4840,407,债券型
4841,434,货币型
4842,519858,货币型
4844,294,混合型
4845,404,混合型
4850,380,货币型
4851,328,混合型
4852,395,债券型
4853,396,债券型
4860,430,债券型
4861,186,债券型
4862,385,债券型
4863,386,债券型
4866,354,混合型
4867,355,债券型
4868,356,债券型
4869,263,混合型
4871,314,混合型
4872,368,股票指数
4873,164703,债券型
4875,336,混合型
4878,184,债券型
4879,185,债券型
4880,309,股票型
4881,311,股票指数
4882,324,货币型
4883,343,货币型
4884,359,货币型
4888,389,货币型
4889,331,货币型
4890,371,货币型
4891,165,混合型
4892,312,股票指数
4893,313,股票指数
4894,139,债券型
4895,141,债券型
4896,164814,债券型
4898,308,混合型
4899,256,混合型
4900,286,债券型
4901,338,债券型
4902,279,混合型
4903,164210,债券型
4906,300,货币型
4908,330,货币型
4911,161022,股票指数
4912,167,混合型
4913,215,混合型
4914,273,混合型
4915,306,债券型
4916,519158,混合型
4917,190,混合型
4918,205,债券型
4919,206,债券型
4926,210,货币型
4927,519732,混合型
4929,187,债券型
4930,188,债券型
4931,165520,股票指数
4932,160219,股票指数
4933,251,混合型
4934,252,债券型
4935,253,债券型
4936,147,债券型
4937,148,债券型
4938,171,债券型
4942,59,股票指数
4946,259,混合型
4949,166020,混合型
4950,104,债券型
4951,165519,股票指数
4952,161826,债券指数
4953,519501,货币型
4954,236,债券型
4955,121,混合型
4956,519730,债券型
4957,519731,债券型
4958,199,混合型
4967,194,债券型
4968,220,混合型
4969,242,混合型
4970,172,混合型
4974,241,混合型
4975,161718,股票指数
4976,166,混合型
4979,181,债券型
4980,182,债券型
4982,219,混合型
4983,167601,股票指数
4984,207,债券型
4985,208,债券型
4987,203,货币型
4988,167501,债券型
4990,152,债券型
4991,153,债券型
4994,209,混合型
4997,519660,债券型
4998,519661,债券型
4999,264,混合型
5000,400020,混合型
5001,124,混合型
5002,174,债券型
5003,175,债券型
5005,127,混合型
5006,173,混合型
5007,191,债券型
5008,192,债券型
5012,56,混合型
5013,122,债券型
5014,123,债券型
5015,149,债券型
5016,150,债券型
5017,120,混合型
5018,136,混合型
5019,118,债券型
5020,119,债券型
5021,519156,混合型
5022,519727,混合型
5023,80,债券型
5024,81,债券型
5027,130,债券型
5028,131,债券型
5029,142,债券型
5030,198,货币型
5032,519050,混合型
5033,82,股票型
5034,117,混合型
5035,143,债券型
5036,128,债券型
5037,519002,混合型
5038,107,债券型
5039,109,债券型
5041,110,混合型
5042,159004,货币型
5043,73,混合型
5044,69,债券型
5045,70,债券型
5046,72,混合型
5049,166019,混合型
5050,610008,债券型
5051,610108,债券型
5052,63,混合型
5057,162715,债券型
5058,162716,债券型
5059,65,混合型
5062,66,混合型
5063,83,混合型
5064,162108,债券型
5066,57,混合型
5069,165807,债券型
5070,28,债券型
5071,32,债券型
5072,33,债券型
5073,519726,债券型
5074,650001,债券型
5075,650002,债券型
5076,58,混合型
5077,84,债券型
5078,85,债券型
5079,160622,债券型
5080,126,混合型
5081,30,混合型
5082,67,债券型
5083,68,债券型
5084,519723,债券型
5085,519725,债券型
5086,29,混合型
5087,519908,混合型
5088,630015,混合型
5089,45,债券型
5090,46,债券型
5091,159002,货币型
5092,165312,股票指数
5093,17,混合型
5096,519898,货币型
5097,24,债券型
5098,25,债券型
5099,39,混合型
5100,161624,债券型
5101,161625,债券型
5102,519120,混合型
5104,42,股票指数
5105,3,债券型
5106,4,债券型
5107,14,债券型
5108,20,混合型
5110,165313,混合型
5111,630016,混合型
5112,47,债券型
5113,48,债券型
5114,161622,货币型
5115,54,债券型
5118,15,债券型
5119,16,债券型
5120,370027,混合型
5121,519190,债券型
5122,9,货币型
5123,13,货币型
5124,161716,债券型
5125,290014,混合型
5126,487021,混合型
5127,550018,债券型
5128,550019,债券型
5130,160218,股票指数
5131,206018,债券型
5132,270050,混合型
5133,40040,债券型
5134,40041,债券型
5135,160720,债券指数
5136,160721,债券指数
5138,217027,股票指数
5139,620009,债券型
5141,750006,货币型
5142,163005,债券型
5143,380009,债券型
5144,519800,货币型
5146,166016,债券型
5148,690011,混合型
5149,210014,债券型
5150,580009,混合型
5154,710501,货币型
5156,740601,货币型
5157,470021,混合型
5158,1077,货币型
5159,202307,货币型
5160,202308,货币型
5161,161823,债券型
5162,161824,债券型
5163,110052,债券型
5164,110053,债券型
5165,519511,货币型
5166,519513,货币型
5168,163907,债券型
5169,20033,债券型
5170,20034,债券型
5171,730003,货币型
5172,40045,债券型
5174,519020,混合型
5175,202213,混合型
5176,519152,债券型
5177,519153,债券型
5178,519888,货币型
5180,720003,债券型
5181,519718,债券型
5182,519720,债券型
5183,163415,混合型
5184,690010,货币型
5185,750005,混合型
5186,166014,货币型
5187,270048,债券型
5188,270049,债券型
5189,380005,债券型
5190,380006,债券型
5191,550015,混合型
5192,550016,混合型
5193,20031,货币型
5194,70037,债券型
5195,70038,债券型
5196,233015,混合型
5197,630012,货币型
5198,320022,股票型
5201,210012,货币型
5203,460008,债券型
5204,460108,债券型
5206,210010,混合型
5207,210011,混合型
5208,320021,债券型
5209,519669,债券型
5210,370024,混合型
5211,420009,混合型
5213,700005,债券型
5214,700006,债券型
5215,40038,货币型
5217,100066,债券型
5218,100068,债券型
5219,590009,债券型
5220,590010,债券型
5221,90022,货币型
5222,260117,混合型
5223,730002,混合型
5226,530021,债券型
5227,531021,债券型
5228,485019,债券型
5229,485119,债券型
5230,660015,混合型
5231,161119,债券指数
5232,161120,债券指数
5233,519714,股票型
5236,160621,债券型
5239,164811,股票指数
5243,400016,债券型
5244,160620,股票指数
5245,202027,混合型
5246,370023,股票指数
5247,750002,债券型
5248,750003,债券型
5249,770001,混合型
5251,519188,债券型
5252,519189,债券型
5253,519679,混合型
5255,161118,股票指数
5256,270044,债券型
5257,270045,债券型
5258,163823,混合型
5259,470010,债券型
5260,470011,债券型
5261,686868,债券型
5262,686869,债券型
5263,1031,债券型
5264,1033,债券型
5265,450018,债券型
5266,450019,债券型
5267,700004,混合型
5268,165707,股票指数
5269,40036,债券型
5270,40037,债券型
5271,50027,债券型
5272,162907,股票指数
5273,166301,混合型
5275,610007,混合型
5276,206015,债券型
5279,50026,混合型
5280,90020,混合型
5281,233012,债券型
5282,233013,债券型
5284,762001,混合型
5290,240022,混合型
5291,217024,债券型
5292,40035,混合型
5293,560006,混合型
5296,530019,混合型
5297,582003,混合型
5298,420008,债券型
5299,420108,债券型
5300,161820,债券型
5301,690009,混合型
5302,519712,混合型
5303,161910,混合型
5304,200016,混合型
5305,540012,股票指数
5306,160916,混合型
5307,161616,混合型
5309,163822,混合型
5310,710301,债券型
5311,710302,债券型
5313,202108,债券型
5314,202110,债券型
5315,217023,债券型
5316,720002,债券型
5317,80015,混合型
5319,110030,股票指数
5320,161715,股票指数
5321,100060,混合型
5322,70032,混合型
5324,675011,债券型
5325,675013,债券型
5326,160417,股票指数
5327,370021,债券型
5328,370022,债券型
5329,740101,股票指数
5331,180031,混合型
5332,393001,混合型
5333,420006,货币型
5334,519710,混合型
5335,750001,混合型
5337,660013,债券型
5338,90019,混合型
5341,206013,混合型
5342,519150,混合型
5343,270041,混合型
5345,590008,混合型
5346,162107,股票型
5348,162511,债券型
5349,630011,混合型
5351,530020,债券型
5352,531020,债券型
5353,700003,混合型
5354,320020,股票型
5355,519034,股票指数
5357,210009,混合型
5358,229002,混合型
5359,450011,混合型
5361,160129,债券型
5362,163821,股票指数
5363,519117,股票指数
5367,163111,股票指数
5368,161019,债券型
5369,162714,股票指数
5370,165516,混合型
5371,166105,债券型
5372,166802,股票指数
5373,110037,债券型
5374,110038,债券型
5376,481017,混合型
5377,161505,债券型
5378,161506,债券型
5379,690006,债券型
5380,690206,债券型
5381,710002,混合型
5382,660012,混合型
5383,200015,混合型
5384,166012,债券型
5385,206012,股票型
5386,165517,债券型
5388,161613,股票指数
5389,163412,混合型
5390,519976,债券型
5391,519977,债券型
5393,163209,股票指数
5394,166011,混合型
5395,80012,混合型
5397,162510,股票指数
5399,217022,债券型
5400,570008,混合型
5401,20026,混合型
5402,90018,混合型
5403,530018,股票指数
5404,261002,债券型
5405,261102,债券型
5406,233011,混合型
5407,270029,债券型
5408,270030,债券型
5409,163819,债券型
5410,162105,债券型
5411,165806,股票指数
5412,470098,混合型
5413,740001,混合型
5414,166801,混合型
5415,690008,股票指数
5416,399011,股票型
5417,320018,混合型
5418,161614,债券型
5419,50023,债券型
5420,50123,债券型
5421,240020,混合型
5422,253060,债券型
5423,253061,债券型
5424,290012,混合型
5426,161693,债券型
5427,360016,混合型
5428,165515,股票指数
5429,217021,混合型
5430,377150,混合型
5431,164809,股票指数
5432,160217,债券型
5433,70028,货币型
5434,350009,混合型
5435,400015,混合型
5436,487016,混合型
5437,730001,混合型
5438,40025,混合型
5439,121010,混合型
5441,260116,混合型
5444,700002,股票指数
5445,161219,混合型
5446,166401,债券型
5447,530017,债券型
5448,310518,债券型
5449,410010,股票指数
5450,40026,债券型
5451,70027,混合型
5452,160618,债券型
5453,161819,股票指数
5454,160808,股票指数
5455,100058,债券型
5456,110035,债券型
5457,110036,债券型
5458,162216,股票指数
5459,720001,混合型
5460,90017,债券型
5461,660011,股票指数
5463,163818,混合型
5464,164208,债券型
5465,530016,混合型
5466,590007,股票指数
5467,690007,混合型
5468,519033,混合型
5469,233010,股票指数
5470,398061,混合型
5471,90016,混合型
5472,540011,货币型
5473,80008,混合型
5474,290011,混合型
5475,481015,混合型
5476,519979,混合型
5477,161017,股票指数
5479,161818,混合型
5482,580008,混合型
5485,519683,债券型
5486,519685,债券型
5488,164606,债券型
5490,710001,混合型
5493,270028,混合型
5494,700001,混合型
5495,70025,债券型
5496,70026,债券型
5498,660010,混合型
5499,160415,混合型
5501,210008,混合型
5502,217020,混合型
5504,673010,混合型
5505,20023,混合型
5506,110025,混合型
5507,620007,混合型
5508,100056,混合型
5509,372010,债券型
5510,372110,债券型
5511,485014,债券型
5512,485114,债券型
5514,320016,混合型
5515,162712,债券型
5517,350008,混合型
5518,163411,混合型
5519,450010,混合型
5521,165512,混合型
5522,519678,混合型
5523,540010,股票型
5524,582002,债券型
5525,582202,债券型
5526,161217,股票指数
5528,377240,混合型
5529,519099,混合型
5530,660009,债券型
5531,660109,债券型
5532,163816,债券型
5533,163817,债券型
5534,180028,混合型
5537,163003,债券型
5538,40022,债券型
5539,40023,债券型
5540,519704,混合型
5541,110027,债券型
5542,110028,债券型
5543,202212,混合型
5545,470058,债券型
5546,470059,债券型
5547,163110,股票型
5548,165311,债券型
5549,166010,债券型
5550,206009,混合型
5551,90015,混合型
5552,610006,混合型
5554,160513,债券型
5555,160514,债券型
5557,290010,股票指数
5558,541005,债券型
5559,161908,债券型
5560,210007,混合型
5561,70022,混合型
5562,519676,债券型
5563,630010,混合型
5564,1021,债券指数
5565,1023,债券指数
5566,80007,混合型
5567,161015,债券型
5568,257070,混合型
5570,160123,债券指数
5571,160124,债券指数
5572,210006,混合型
5573,233009,混合型
5574,688888,混合型
5575,360013,债券型
5576,360014,债券型
5577,162215,债券型
5578,320015,混合型
5579,590006,混合型
5581,163409,混合型
5582,165310,股票型
5583,570007,混合型
5584,240018,债券型
5587,206008,债券型
5588,40020,混合型
5589,160512,混合型
5590,481013,混合型
5591,90013,混合型
5592,20022,混合型
5593,400013,混合型
5594,200013,债券型
5595,200113,债券型
5596,660008,股票指数
5597,320014,股票指数
5598,410009,混合型
5601,161216,债券型
5602,470028,混合型
5603,261001,债券型
5604,261101,债券型
5606,160718,债券型
5607,395011,债券型
5608,395012,债券型
5609,550010,货币型
5610,260115,混合型
5611,161816,股票指数
5612,161907,股票指数
5613,217018,债券型
5614,630009,债券型
5615,630109,债券型
5616,519509,货币型
5619,165511,股票指数
5620,310508,债券型
5621,164808,债券型
5622,166009,混合型
5623,290009,债券型
5624,585001,股票指数
5626,202023,混合型
5628,110023,混合型
5629,519097,混合型
5630,690005,混合型
5631,164902,债券型
5632,200012,混合型
5634,162214,混合型
5635,253050,货币型
5637,470018,债券型
5638,671010,混合型
5639,530012,混合型
5641,519674,混合型
5642,206007,混合型
5643,519702,混合型
5644,40019,债券型
5646,210005,混合型
5647,376510,股票型
5649,161213,股票指数
5650,290008,混合型
5651,50018,混合型
5652,519116,股票指数
5654,398051,混合型
5655,100051,债券型
5657,540009,股票型
5658,70021,混合型
5659,240017,混合型
5661,164206,债券型
5662,180025,债券型
5663,180026,债券型
5664,233008,混合型
5665,160617,债券型
5666,166008,债券型
5669,50019,债券型
5670,50119,债券型
5671,163811,债券型
5672,163812,债券型
5673,270025,混合型
5674,450009,股票型
5675,519030,债券型
5676,660007,货币型
5678,519983,混合型
5679,530011,混合型
5680,161612,股票指数
5681,161115,债券型
5683,630008,混合型
5684,202105,债券型
5685,202107,债券型
5686,163407,股票指数
5687,660102,债券型
5688,163109,股票指数
5690,160915,债券型
5692,180020,混合型
5694,165509,债券型
5696,470006,混合型
5698,320012,混合型
5699,620006,混合型
5702,121012,债券型
5703,128112,债券型
5704,164105,债券型
5705,70020,债券型
5706,660006,混合型
5708,163810,混合型
5709,110022,股票型
5711,485011,债券型
5712,485111,债券型
5713,160215,混合型
5714,164205,股票型
5715,630007,债券型
5716,630107,债券型
5718,160807,股票指数
5719,165508,混合型
5720,392001,货币型
5721,610005,混合型
5723,50016,债券型
5724,50116,债券型
5725,519095,混合型
5726,519672,混合型
5727,519700,混合型
5728,580007,混合型
5729,690004,混合型
5730,519985,债券型
5731,570006,混合型
5733,166007,混合型
5734,90011,混合型
5735,217016,股票指数
5736,253030,债券型
5737,460009,混合型
5738,630006,混合型
5739,540008,股票型
5740,70019,混合型
5741,50014,混合型
5742,206003,债券型
5743,206004,债券型
5747,590005,混合型
5748,233007,混合型
5749,100039,混合型
5750,40016,混合型
5751,583001,货币型
5752,161812,股票指数
5753,470009,混合型
5755,320011,混合型
5756,162213,股票指数
5758,163406,混合型
5759,270022,混合型
5760,162509,股票指数
5761,210004,混合型
5762,360012,混合型
5763,519026,混合型
5766,202019,混合型
5767,163001,混合型
5768,399001,股票指数
5769,660005,混合型
5770,163809,混合型
5771,310398,股票指数
5772,160212,混合型
5773,481010,混合型
5774,550009,混合型
5775,213010,股票指数
5776,160616,股票指数
5777,519093,混合型
5778,690003,混合型
5779,90010,股票指数
5780,377530,混合型
5782,160716,股票指数
5783,166006,混合型
5784,410008,股票指数
5785,580006,混合型
5787,233005,债券型
5788,519671,股票指数
5789,217013,混合型
5790,40015,混合型
5791,470008,混合型
5792,420005,混合型
5793,100038,股票指数
5794,61,混合型
5795,540007,股票型
5797,162212,混合型
5798,519115,混合型
5800,610004,混合型
5802,80005,混合型
5803,630005,混合型
5804,165309,股票指数
5805,162307,股票指数
5806,360011,混合型
5807,590003,混合型
5808,320010,股票指数
5809,260112,混合型
5810,160211,混合型
5811,161811,股票指数
5813,240014,股票指数
5815,660004,混合型
5817,202103,债券型
5818,233006,混合型
5819,519112,债券型
5820,570005,混合型
5821,470078,债券型
5822,620004,混合型
5823,206002,混合型
5824,90009,混合型
5825,163808,股票指数
5826,450008,股票指数
5827,320009,债券型
5829,257050,混合型
5830,550008,混合型
5831,70018,混合型
5832,519186,债券型
5833,519187,债券型
5834,50012,混合型
5835,213009,货币型
5836,460007,混合型
5837,519987,混合型
5838,290007,债券型
5839,291007,债券型
5840,166005,混合型
5841,340009,债券型
5842,690002,债券型
5843,690202,债券型
5844,350007,混合型
5845,410007,混合型
5846,519091,混合型
5848,161810,混合型
5849,210003,混合型
5850,470007,股票指数
5851,200011,混合型
5852,371020,债券型
5853,371120,债券型
5854,398041,混合型
5855,400011,混合型
5856,540006,股票型
5857,217012,混合型
5858,270021,混合型
5859,582201,债券型
5860,310388,混合型
5861,50011,债券型
5862,50111,债券型
5863,100035,债券型
5864,100037,债券型
5865,519113,混合型
5866,530009,债券型
5867,531009,债券型
5868,20015,混合型
5869,320008,债券型
5870,519185,混合型
5871,160806,股票指数
5872,460006,货币型
5873,580005,混合型
5874,519025,混合型
5875,180018,混合型
5876,519670,混合型
5877,161611,混合型
5878,290006,混合型
5879,40012,债券型
5880,40013,债券型
5881,519698,混合型
5882,162211,混合型
5883,610003,债券型
5884,610103,债券型
5885,660003,混合型
5886,160615,股票指数
5887,163807,混合型
5888,690001,混合型
5889,110015,混合型
5891,340008,混合型
5892,450007,混合型
5893,620003,债券型
5894,70017,混合型
5895,519024,债券型
5896,213006,混合型
5897,20019,债券型
5898,20020,债券型
5899,253020,债券型
5900,253021,债券型
5901,320007,混合型
5902,481009,股票指数
5903,360010,混合型
5904,573003,债券型
5905,240012,债券型
5906,240013,债券型
5907,519069,混合型
5908,630003,债券型
5909,630103,债券型
5910,379010,混合型
5911,519697,混合型
5912,121011,货币型
5913,200010,混合型
5915,519111,债券型
5916,519989,债券型
5917,410006,混合型
5918,660002,债券型
5919,450006,债券型
5920,400009,债券型
5921,210002,混合型
5922,180015,债券型
5923,398031,混合型
5924,540005,债券型
5925,420003,混合型
5926,90007,混合型
5927,530006,混合型
5928,100032,股票指数
5929,110013,混合型
5930,163806,债券型
5931,202211,股票指数
5932,350006,债券型
5933,571002,混合型
5934,582001,债券型
5935,360008,债券型
5936,360009,债券型
5937,161010,债券型
5938,450005,债券型
5939,519023,债券型
5940,2031,混合型
5941,40011,混合型
5942,217011,债券型
5943,257040,混合型
5944,260111,混合型
5945,213917,债券型
5946,160613,混合型
5947,110012,混合型
5948,80003,债券型
5949,240011,混合型
5950,550004,债券型
5951,550005,债券型
5952,162210,债券型
5953,162299,债券型
5954,630002,混合型
5955,70015,债券型
5956,70016,债券型
5957,620002,混合型
5958,200009,债券型
5960,180013,混合型
5961,481008,混合型
5962,660001,混合型
5963,610002,混合型
5964,166002,混合型
5965,519089,混合型
5966,540004,混合型
5967,270008,混合型
5968,460005,混合型
5969,519066,混合型
5970,310368,混合型
5971,450004,混合型
5972,519183,混合型
5974,290005,混合型
5975,530008,债券型
5976,217010,混合型
5977,519991,混合型
5978,202011,混合型
5979,20018,混合型
5980,121006,混合型
5981,20012,债券型
5982,80002,混合型
5983,550003,混合型
5984,400007,混合型
5985,50010,混合型
5986,100029,混合型
5987,160612,债券型
5988,410004,债券型
5989,410005,债券型
5990,70013,混合型
5992,519668,混合型
5993,519667,债券型
5994,373020,混合型
5995,320006,混合型
5996,213007,债券型
5997,350005,混合型
5999,40009,债券型
6000,40010,债券型
6001,340007,混合型
6002,580003,混合型
6003,420002,债券型
6004,420102,债券型
6005,519110,混合型
6006,213008,混合型
6007,485007,债券型
6008,485107,债券型
6009,395001,债券型
6010,163805,混合型
6011,519680,债券型
6012,519682,债券型
6013,270009,债券型
6014,202009,混合型
6015,110017,债券型
6016,110018,债券型
6017,1011,债券型
6018,1013,债券型
6019,519078,债券型
6021,121009,债券型
6022,121008,混合型
6023,110029,混合型
6024,519019,混合型
6025,70099,混合型
6026,460003,债券型
6027,160314,混合型
6028,20011,股票指数
6029,202007,混合型
6030,519039,混合型
6035,31,混合型
6036,50106,债券型
6037,360007,混合型
6038,590002,混合型
6039,620001,混合型
6040,519694,混合型
6041,200008,混合型
6042,162209,混合型
6043,40008,混合型
6044,481006,混合型
6045,560003,混合型
6046,50009,混合型
6047,260110,混合型
6048,240010,混合型
6049,270007,混合型
6050,160910,混合型
6051,460002,混合型
6052,20010,混合型
6053,630001,混合型
6054,202005,混合型
6055,485005,债券型
6056,485105,债券型
6057,161610,混合型
6058,519035,混合型
6059,160611,混合型
6060,160311,混合型
6061,570001,混合型
6062,377020,混合型
6063,50008,混合型
6064,519021,混合型
6065,40007,混合型
6066,519015,混合型
6067,540003,混合型
6068,110010,混合型
6069,217009,混合型
6070,450003,混合型
6071,410003,混合型
6072,519666,债券型
6073,398021,混合型
6074,519068,混合型
6075,610001,混合型
6076,530005,混合型
6077,162006,混合型
6078,166001,混合型
6079,257030,混合型
6080,213003,混合型
6081,519017,混合型
6082,160610,混合型
6083,160805,混合型
6084,290004,混合型
6085,580002,混合型
6086,70011,混合型
6087,310358,混合型
6088,481004,混合型
6089,162208,股票型
6090,519181,混合型
6091,550002,混合型
6092,21,混合型
6093,519100,股票指数
6094,320005,混合型
6095,560002,混合型
6096,180012,混合型
6097,202003,混合型
6098,100026,混合型
6099,121005,混合型
6100,161609,混合型
6101,519993,混合型
6102,240009,混合型
6103,519692,混合型
6104,519013,混合型
6105,163804,混合型
6106,20009,混合型
6107,590001,混合型
6108,50201,混合型
6109,540002,混合型
6110,340006,股票型
6111,378010,混合型
6112,360006,混合型
6113,90006,混合型
6114,530003,混合型
6115,40005,混合型
6116,200007,混合型
6117,112002,混合型
6118,2021,混合型
6119,519029,混合型
6120,519018,混合型
6121,400005,货币型
6122,202002,混合型
6123,70010,混合型
6124,288102,债券型
6125,160607,混合型
6126,320004,债券型
6127,560001,货币型
6128,483003,混合型
6129,217008,债券型
6130,310338,货币型
6131,350004,货币型
6132,260108,混合型
6133,410002,货币型
6134,240008,混合型
6135,290003,债券型
6136,450002,混合型
6137,519690,混合型
6138,110009,混合型
6139,180010,混合型
6140,100025,货币型
6141,50007,混合型
6142,519007,混合型
6143,519508,货币型
6144,540001,混合型
6145,270006,混合型
6146,160608,债券型
6147,162207,混合型
6148,519995,混合型
6149,550001,混合型
6150,340005,货币型
6151,70009,债券型
6152,373010,混合型
6153,530002,货币型
6154,92002,债券型
6155,121003,混合型
6156,519519,债券型
6157,217203,债券型
6158,200006,混合型
6159,519300,股票指数
6160,1003,债券型
6161,202102,债券型
6162,360005,混合型
6163,519518,货币型
6164,482002,货币型
6165,163803,混合型
6166,162607,混合型
6167,163503,混合型
6168,519588,货币型
6169,161608,货币型
6170,400003,混合型
6171,257020,混合型
6172,270005,混合型
6173,320003,混合型
6174,80011,货币型
6175,530001,混合型
6176,161706,混合型
6177,240004,混合型
6178,288002,混合型
6179,161005,混合型
6180,162206,货币型
6181,310328,混合型
6182,163402,混合型
6183,377010,混合型
6184,420001,混合型
6185,519688,混合型
6186,163302,混合型
6187,519001,混合型
6188,110007,债券型
6189,110008,债券型
6190,519087,混合型
6191,481001,混合型
6193,519008,混合型
6194,50006,债券型
6195,519005,混合型
6196,161903,混合型
6197,160106,混合型
6198,253010,混合型
6199,2011,混合型
6200,20007,货币型
6201,398011,混合型
6202,360003,货币型
6203,163802,货币型
6204,90005,货币型
6205,450001,混合型
6206,200003,货币型
6207,270004,货币型
6208,161607,股票指数
6209,460001,混合型
6210,288101,货币型
6211,370010,货币型
6212,370011,货币型
6213,160606,货币型
6214,100022,混合型
6215,162205,混合型
6216,240006,货币型
6217,70008,货币型
6218,213002,混合型
6219,410001,混合型
6220,110006,货币型
6221,162703,混合型
6222,580001,混合型
6223,180008,货币型
6224,519997,混合型
6225,350002,混合型
6226,160505,混合型
6227,163801,混合型
6228,519505,货币型
6229,150005,货币型
6230,90004,混合型
6231,320002,货币型
6232,310318,股票指数
6233,400001,混合型
6234,160105,混合型
6235,161902,债券型
6236,398001,混合型
6237,375010,混合型
6238,110005,混合型
6239,360001,股票型
6240,40004,混合型
6241,11,混合型
6242,180003,股票指数
6243,270002,混合型
6244,162204,混合型
6245,350001,混合型
6246,290002,混合型
6247,50004,混合型
6248,20005,混合型
6249,100020,混合型
6250,90003,混合型
6251,217005,混合型
6252,162102,混合型
6253,200002,股票指数
6254,320001,混合型
6255,510081,混合型
6256,160605,混合型
6257,240005,股票型
6258,340001,混合型
6259,121002,混合型
6260,161606,混合型
6261,257010,混合型
6262,310308,混合型
6263,3003,货币型
6264,70006,混合型
6265,233001,混合型
6266,110003,股票指数
6267,519999,货币型
6268,288001,混合型
6269,519003,混合型
6270,202301,货币型
6272,290001,货币型
6273,50003,货币型
6274,217004,货币型
6275,40003,货币型
6276,110002,混合型
6277,20002,债券型
6278,20003,混合型
6279,270001,混合型
6280,100018,债券型
6281,200001,混合型
6282,510080,债券指数
6283,260101,混合型
6284,260102,货币型
6285,260103,混合型
6286,161603,债券型
6287,161604,股票指数
6288,161605,混合型
6289,2001,混合型
6290,50002,股票指数
6291,519011,混合型
6292,255010,混合型
6293,151001,混合型
6294,151002,债券型
6295,240001,混合型
6296,240002,混合型
6297,240003,债券型
6298,160602,债券型
6299,160603,混合型
6300,70002,混合型
6301,70003,混合型
6302,70005,债券型
6303,90002,债券型
6304,217001,混合型
6305,217002,混合型
6306,217003,债券型
6307,162201,混合型
6308,162202,混合型
6309,162203,混合型
6310,121001,混合型
6311,519180,股票指数
6312,180001,混合型
6313,90001,混合型
6314,40002,股票指数
6315,70001,混合型
6316,1001,债券型
6317,50001,混合型
6318,213001,混合型
6319,202101,债券型
6320,80001,混合型
6321,161601,混合型
6322,110001,混合型
6323,100016,混合型
6324,206001,混合型
6325,20001,混合型
6326,1,混合型
6327,202001,混合型
6328,40001,混合型
